/*
	Test Name    : qp032
	Time         : 28-SEP-1989 
	User Name    : testenv     
 
	Test ID      : 	qp032
	Module       : 	
	Filename     :	qp032.sep
	Purpose	     :	Test subselects on COUNT() aggregate.
	Input Files  :	None
	Output Files :	None
	Database     :	SEPPARAMDB
	Tables       :	eca_s, eca_sp, eca_big_s, eca_big_sp
	Sypnopsis    :  Test subselects on COUNT() aggregate

	SETUP FILE   : qp021.sep 

	History	     : 28-Sep-1989	Created			srr
			11-15-91 made table names unique and formated
			for readability. CAMACHO
			11-16-91 converted to using setup test. CAMACHO

          18-Nov-2009	(kiria01) Added cardinality check for one of the
				  violating tests.
	  21-Jan-2010   (kiria01) Reverted above test change as error had been raised
				  incorrectly. (SIR 121883)
*/
? sql -s SEPPARAMDB 
<<
>>
* select * from eca_s order by sno, xname, status, city ;\g
<<

+-------------+------+-------------+----------+
|sno          |xname |status       |city      |
+-------------+------+-------------+----------+
|            1|smith |           20|london    |
|            2|jones |           10|paris     |
|            3|blake |           30|paris     |
|            4|clark |           20|london    |
|            5|adams |           30|athens    |
+-------------+------+-------------+----------+
(5 rows)
>>
* select * from eca_sp order by sno, pno, qty;\g 
<<

+-------------+-------------+-------------+
|sno          |pno          |qty          |
+-------------+-------------+-------------+
|            1|            1|          300|
|            1|            2|          200|
|            1|            3|          400|
|            1|            4|          200|
|            1|            5|          100|
|            1|            6|          100|
|            2|            1|          300|
|            2|            2|          400|
|            3|            2|          200|
|            4|            2|          200|
|            4|            4|          300|
|            4|            5|          400|
+-------------+-------------+-------------+
(12 rows)
>>
* create view eca_s_v as select * from eca_s;\g 
<<
>>
* create view eca_sp_v as select * from eca_sp;\g 
<<
>>
* select * from eca_s_v order by sno, xname, status, city;\g 
<<

+-------------+------+-------------+----------+
|sno          |xname |status       |city      |
+-------------+------+-------------+----------+
|            1|smith |           20|london    |
|            2|jones |           10|paris     |
|            3|blake |           30|paris     |
|            4|clark |           20|london    |
|            5|adams |           30|athens    |
+-------------+------+-------------+----------+
(5 rows)
>>
* select * from eca_sp_v order by sno, pno, qty;\g 
<<

+-------------+-------------+-------------+
|sno          |pno          |qty          |
+-------------+-------------+-------------+
|            1|            1|          300|
|            1|            2|          200|
|            1|            3|          400|
|            1|            4|          200|
|            1|            5|          100|
|            1|            6|          100|
|            2|            1|          300|
|            2|            2|          400|
|            3|            2|          200|
|            4|            2|          200|
|            4|            4|          300|
|            4|            5|          400|
+-------------+-------------+-------------+
(12 rows)
>>
* select distinct sno from eca_sp 
<<
>>
*	where sno = 
<<
>>
*	 (select count(*) from eca_s where sno > 3);\g 
<<

+-------------+
|sno          |
+-------------+
|            2|
+-------------+
(1 row)
>>
* select distinct sno from eca_sp 
<<
>>
*	where sno - 1 = 
<<
>>
*	 (select count(*) from eca_s 	where sno < 1);\g 
<<

+-------------+
|sno          |
+-------------+
|            1|
+-------------+
(1 row)
>>
* select distinct sno from eca_sp eca_spx 
<<
>>
*	where 1 < 
<<
>>
*	 (select count(*) from eca_sp eca_spy 
<<
>>
*		where eca_spy.sno = eca_spx.sno);\g 
<<

+-------------+
|sno          |
+-------------+
|            1|
|            2|
|            4|
+-------------+
(3 rows)
>>
* select sno, pno from eca_sp eca_spx 
<<
>>
*	where pno - 1 = 
<<
>>
*	 (select count(*) from eca_sp eca_spy 
<<
>>
*		where eca_spy.sno = eca_spx.sno and eca_spy.sno > 9);\g 
<<

+-------------+-------------+
|sno          |pno          |
+-------------+-------------+
|            1|            1|
|            2|            1|
+-------------+-------------+
(2 rows)
>>
* select distinct sno from eca_sp_v 
<<
>>
*	where sno = 
<<
>>
*	 (select count(*) from eca_s_v where sno > 3);\g 
<<

+-------------+
|sno          |
+-------------+
|            2|
+-------------+
(1 row)
>>
* select distinct sno from eca_sp_v 
<<
>>
*	where sno - 1 = 
<<
>>
*	 (select count(*) from eca_s_v where sno < 1);\g 
<<

+-------------+
|sno          |
+-------------+
|            1|
+-------------+
(1 row)
>>
* select distinct sno from eca_sp_v eca_spx 
<<
>>
*	where 1 < 
<<
>>
*	 (select count(*) from eca_sp_v eca_spy 
<<
>>
*	where eca_spy.sno = eca_spx.sno);\g 
<<

+-------------+
|sno          |
+-------------+
|            1|
|            2|
|            4|
+-------------+
(3 rows)
>>
* select sno, pno from eca_sp_v eca_spx 
<<
>>
*	where pno - 1 = 
<<
>>
*	 (select count(*) from eca_sp_v eca_spy 
<<
>>
*	where eca_spy.sno = eca_spx.sno and eca_spy.sno > 9);\g 
<<

+-------------+-------------+
|sno          |pno          |
+-------------+-------------+
|            1|            1|
|            2|            1|
+-------------+-------------+
(2 rows)
>>
* set trace point op132;\g 
<<
>>
* select distinct sno from eca_sp 
<<
>>
*	where sno = 
<<
>>
*	 (select count(*) from eca_s where sno > 3);\g 
<<

+-------------+
|sno          |
+-------------+
|            2|
+-------------+
(1 row)
>>
* select distinct sno from eca_sp 
<<
>>
*	where sno - 1 = 
<<
>>
*	 (select count(*) from eca_s 	where sno < 1);\g 
<<

+-------------+
|sno          |
+-------------+
|            1|
+-------------+
(1 row)
>>
* select distinct sno from eca_sp eca_spx 
<<
>>
*	where 1 < 
<<
>>
*	 (select count(*) from eca_sp eca_spy 
<<
>>
*	where eca_spy.sno = eca_spx.sno);\g 
<<

+-------------+
|sno          |
+-------------+
|            1|
|            2|
|            4|
+-------------+
(3 rows)
>>
* select sno, pno from eca_sp eca_spx 
<<
>>
*	where pno - 1 = 
<<
>>
*	 (select count(*) from eca_sp eca_spy 
<<
>>
*	where eca_spy.sno = eca_spx.sno and eca_spy.sno > 9);\g 
<<

+-------------+-------------+
|sno          |pno          |
+-------------+-------------+
|            1|            1|
|            2|            1|
+-------------+-------------+
(2 rows)
>>
* select distinct sno from eca_sp_v 
<<
>>
*	where sno = 
<<
>>
*	 (select count(*) from eca_s_v where sno > 3);\g 
<<

+-------------+
|sno          |
+-------------+
|            2|
+-------------+
(1 row)
>>
* select distinct sno from eca_sp_v 
<<
>>
*	where sno - 1 = 
<<
>>
*	 (select count(*) from eca_s_v where sno < 1);\g 
<<

+-------------+
|sno          |
+-------------+
|            1|
+-------------+
(1 row)
>>
* select distinct sno from eca_sp_v eca_spx 
<<
>>
*	where 1 < 
<<
>>
*	 (select count(*) from eca_sp_v eca_spy 
<<
>>
*	where eca_spy.sno = eca_spx.sno);\g 
<<

+-------------+
|sno          |
+-------------+
|            1|
|            2|
|            4|
+-------------+
(3 rows)
>>
* select sno, pno from eca_sp_v eca_spx 
<<
>>
*	where pno - 1 = 
<<
>>
*	 (select count(*) from eca_sp_v eca_spy 
<<
>>
*	where eca_spy.sno = eca_spx.sno and eca_spy.sno > 9);\g 
<<

+-------------+-------------+
|sno          |pno          |
+-------------+-------------+
|            1|            1|
|            2|            1|
+-------------+-------------+
(2 rows)
>>
* select * from eca_big_s order by sno, xname, status, city;\g 
<<

+-------------+------+-------------+----------+
|sno          |xname |status       |city      |
+-------------+------+-------------+----------+
|            1|smith |           20|london    |
|            1|smith |           20|london    |
|            2|jones |           10|paris     |
|            2|jones |           10|paris     |
|            3|blake |           30|paris     |
|            3|blake |           30|paris     |
|            4|clark |           20|london    |
|            4|clark |           20|london    |
|            5|adams |           30|athens    |
|            5|adams |           30|athens    |
|            6|smit6 |           70|lond6     |
|            6|smit6 |           70|lond6     |
|            7|jone7 |           60|pari7     |
|            7|jone7 |           60|pari7     |
|            8|blak8 |           80|pari8     |
|            8|blak8 |           80|pari8     |
|            9|clar9 |           70|lond9     |
|            9|clar9 |           70|lond9     |
|           10|adam10|           80|athe10    |
|           10|adam10|           80|athe10    |
|           11|smit11|          120|lond11    |
|           11|smit11|          120|lond11    |
|           12|jone12|          110|pari12    |
|           12|jone12|          110|pari12    |
|           13|blak13|          130|pari13    |
|           13|blak13|          130|pari13    |
|           14|clar14|          120|lond14    |
|           14|clar14|          120|lond14    |
|           15|adam15|          130|athe15    |
|           15|adam15|          130|athe15    |
|           16|smit16|          170|lond16    |
|           16|smit16|          170|lond16    |
|           17|jone17|          160|pari17    |
|           17|jone17|          160|pari17    |
|           18|blak18|          180|pari18    |
|           18|blak18|          180|pari18    |
|           19|clar19|          170|lond19    |
|           19|clar19|          170|lond19    |
|           20|adam20|          180|athe20    |
|           20|adam20|          180|athe20    |
|           21|smit21|          220|lond21    |
|           21|smit21|          220|lond21    |
|           22|jone22|          210|pari22    |
|           22|jone22|          210|pari22    |
|           23|blak23|          230|pari23    |
|           23|blak23|          230|pari23    |
|           24|clar24|          220|lond24    |
|           24|clar24|          220|lond24    |
|           25|adam25|          230|athe25    |
|           25|adam25|          230|athe25    |
|           26|smit26|          270|lond26    |
|           26|smit26|          270|lond26    |
|           27|jone27|          260|pari27    |
|           27|jone27|          260|pari27    |
|           28|blak28|          280|pari28    |
|           28|blak28|          280|pari28    |
|           29|clar29|          270|lond29    |
|           29|clar29|          270|lond29    |
|           30|adam30|          280|athe30    |
|           30|adam30|          280|athe30    |
|           31|smit31|          320|lond31    |
|           31|smit31|          320|lond31    |
|           32|jone32|          310|pari32    |
|           32|jone32|          310|pari32    |
|           33|blak33|          330|pari33    |
|           33|blak33|          330|pari33    |
|           34|clar34|          320|lond34    |
|           34|clar34|          320|lond34    |
|           35|adam35|          330|athe35    |
|           35|adam35|          330|athe35    |
|           36|smit36|          370|lond36    |
|           36|smit36|          370|lond36    |
|           37|jone37|          360|pari37    |
|           37|jone37|          360|pari37    |
|           38|blak38|          380|pari38    |
|           38|blak38|          380|pari38    |
|           39|clar39|          370|lond39    |
|           39|clar39|          370|lond39    |
|           40|adam40|          380|athe40    |
|           40|adam40|          380|athe40    |
+-------------+------+-------------+----------+
(80 rows)
>>
* select * from eca_big_sp order by sno, pno, qty;\g 
<<

+-------------+-------------+-------------+
|sno          |pno          |qty          |
+-------------+-------------+-------------+
|            1|            1|          300|
|            1|            1|          300|
|            1|            2|          200|
|            1|            2|          200|
|            1|            3|          400|
|            1|            3|          400|
|            1|            4|          200|
|            1|            4|          200|
|            1|            5|          100|
|            1|            5|          100|
|            1|            6|          100|
|            1|            6|          100|
|            2|            1|          300|
|            2|            1|          300|
|            2|            2|          400|
|            2|            2|          400|
|            3|            2|          200|
|            3|            2|          200|
|            4|            2|          200|
|            4|            2|          200|
|            4|            4|          300|
|            4|            4|          300|
|            4|            5|          400|
|            4|            5|          400|
|           13|           13|          312|
|           13|           13|          312|
|           13|           14|          212|
|           13|           14|          212|
|           13|           15|          412|
|           13|           15|          412|
|           13|           16|          212|
|           13|           16|          212|
|           13|           17|          112|
|           13|           17|          112|
|           13|           18|          112|
|           13|           18|          112|
|           14|           13|          312|
|           14|           13|          312|
|           14|           14|          412|
|           14|           14|          412|
|           15|           14|          212|
|           15|           14|          212|
|           16|           14|          212|
|           16|           14|          212|
|           16|           16|          312|
|           16|           16|          312|
|           16|           17|          412|
|           16|           17|          412|
|           25|           25|          324|
|           25|           25|          324|
|           25|           26|          224|
|           25|           26|          224|
|           25|           27|          424|
|           25|           27|          424|
|           25|           28|          224|
|           25|           28|          224|
|           25|           29|          124|
|           25|           29|          124|
|           25|           30|          124|
|           25|           30|          124|
|           26|           25|          324|
|           26|           25|          324|
|           26|           26|          424|
|           26|           26|          424|
|           27|           26|          224|
|           27|           26|          224|
|           28|           26|          224|
|           28|           26|          224|
|           28|           28|          324|
|           28|           28|          324|
|           28|           29|          424|
|           28|           29|          424|
|           37|           37|          336|
|           37|           37|          336|
|           37|           38|          236|
|           37|           38|          236|
|           37|           39|          436|
|           37|           39|          436|
|           37|           40|          236|
|           37|           40|          236|
|           37|           41|          136|
|           37|           41|          136|
|           37|           42|          136|
|           37|           42|          136|
|           38|           37|          336|
|           38|           37|          336|
|           38|           38|          436|
|           38|           38|          436|
|           39|           38|          236|
|           39|           38|          236|
|           40|           38|          236|
|           40|           38|          236|
|           40|           40|          336|
|           40|           40|          336|
|           40|           41|          436|
|           40|           41|          436|
+-------------+-------------+-------------+
(96 rows)
>>
* create view eca_big_s_v as select * from eca_big_s 
<<
>>
*	where xname < 'davis' 
<<
>>
* 		and xname not like '%1%' 
<<
>>
* 		and xname not like '%2%' 
<<
>>
* 		and xname not like '%3%' 
<<
>>
* 		and xname not like '%4%' 
<<
>>
* 		and xname not like '%5%' 
<<
>>
* 		and xname not like '%6%' 
<<
>>
* 		and xname not like '%7%' 
<<
>>
* 		and xname not like '%8%' 
<<
>>
* 		and xname not like '%9%' 
<<
>>
* 		union 
<<
>>
* select * from eca_big_s 
<<
>>
*	where xname < 'morgan' 
<<
>>
* 		and xname not like '%1%' 
<<
>>
* 		and xname not like '%2%' 
<<
>>
* 		and xname not like '%3%' 
<<
>>
* 		and xname not like '%4%' 
<<
>>
* 		and xname not like '%5%' 
<<
>>
* 		and xname not like '%6%' 
<<
>>
* 		and xname not like '%7%' 
<<
>>
* 		and xname not like '%8%' 
<<
>>
* 		and xname not like '%9%' 
<<
>>
*	union 
<<
>>
* select * from eca_big_s 
<<
>>
*	where xname >= 'jones' 
<<
>>
* 		and xname not like '%1%' 
<<
>>
* 		and xname not like '%2%' 
<<
>>
* 		and xname not like '%3%' 
<<
>>
* 		and xname not like '%4%' 
<<
>>
* 		and xname not like '%5%' 
<<
>>
* 		and xname not like '%6%' 
<<
>>
* 		and xname not like '%7%' 
<<
>>
* 		and xname not like '%8%' 
<<
>>
* 		and xname not like '%9%';\g 
<<
>>
* create view eca_big_sp_v as select * from eca_big_sp eca_big_sp1 
<<
>>
*	where sno = 
<<
>>
*	 (select distinct sno from eca_big_sp eca_big_sp2 
<<
>>
*	where eca_big_sp1.sno = eca_big_sp2.sno 
<<
>>
* 		and eca_big_sp1.pno = eca_big_sp2.pno 
<<
>>
* 		and eca_big_sp2.pno < 10 
<<
>>
* 		and eca_big_sp2.qty < 250) 
<<
>>
* 	union 
<<
>>
* select * from eca_big_sp eca_big_sp1 
<<
>>
*	where sno = 
<<
>>
*	 (select distinct sno from eca_big_sp eca_big_sp2 
<<
>>
*	where eca_big_sp1.sno = eca_big_sp2.sno 
<<
>>
* 		and eca_big_sp1.pno = eca_big_sp2.pno 
<<
>>
* 		and eca_big_sp2.pno < 10 
<<
>>
* 		and eca_big_sp2.qty > 250) 
<<
>>
* 	union 
<<
>>
* select * from eca_big_sp eca_big_sp1 
<<
>>
*	where sno = 
<<
>>
*	 (select distinct sno from eca_big_sp eca_big_sp2 
<<
>>
*	where eca_big_sp1.sno = eca_big_sp2.sno 
<<
>>
*		and eca_big_sp1.pno = eca_big_sp2.pno 
<<
>>
* 		and eca_big_sp2.pno < 10 and eca_big_sp2.qty > 350);\g 
<<
>>
* select * from eca_big_s_v order by sno, xname, status, city;\g 
<<

+-------------+------+-------------+----------+
|sno          |xname |status       |city      |
+-------------+------+-------------+----------+
|            1|smith |           20|london    |
|            2|jones |           10|paris     |
|            3|blake |           30|paris     |
|            4|clark |           20|london    |
|            5|adams |           30|athens    |
+-------------+------+-------------+----------+
(5 rows)
>>
* select * from eca_big_sp_v order by sno, pno, qty;\g 
<<

+-------------+-------------+-------------+
|sno          |pno          |qty          |
+-------------+-------------+-------------+
|            1|            1|          300|
|            1|            2|          200|
|            1|            3|          400|
|            1|            4|          200|
|            1|            5|          100|
|            1|            6|          100|
|            2|            1|          300|
|            2|            2|          400|
|            3|            2|          200|
|            4|            2|          200|
|            4|            4|          300|
|            4|            5|          400|
+-------------+-------------+-------------+
(12 rows)
>>
* select distinct sno from eca_big_sp_v 
<<
>>
*	where sno = 
<<
>>
*	 (select count(*) from eca_big_s_v where sno > 3);\g 
<<

+-------------+
|sno          |
+-------------+
|            2|
+-------------+
(1 row)
>>
* select distinct sno from eca_big_sp_v where sno - 1 = 
<<
>>
*	 (select count(*) from eca_big_s_v where sno < 1);\g 
<<

+-------------+
|sno          |
+-------------+
|            1|
+-------------+
(1 row)
>>
* select distinct sno from eca_big_sp_v eca_big_spx where 1 < 
<<
>>
*	 (select count(*) from eca_big_sp_v eca_big_spy 
<<
>>
*	where eca_big_spy.sno = eca_big_spx.sno);\g 
<<

+-------------+
|sno          |
+-------------+
|            1|
|            2|
|            4|
+-------------+
(3 rows)
>>
* select sno, pno from eca_big_sp_v eca_big_spx 
<<
>>
*	where pno - 1 = 
<<
>>
*	 (select count(*) from eca_big_sp_v eca_big_spy 
<<
>>
*	where eca_big_spy.sno = eca_big_spx.sno and eca_big_spy.sno > 9);\g 
<<

+-------------+-------------+
|sno          |pno          |
+-------------+-------------+
|            1|            1|
|            2|            1|
+-------------+-------------+
(2 rows)
>>
* set notrace point op132;\g 
<<
>>
* select distinct sno from eca_big_sp_v 
<<
>>
*	where sno = 
<<
>>
*	 (select count(*) from eca_big_s_v where sno > 3);\g 
<<

+-------------+
|sno          |
+-------------+
|            2|
+-------------+
(1 row)
>>
* select distinct sno from eca_big_sp_v 
<<
>>
*	where sno - 1 = 
<<
>>
*	 (select count(*) from eca_big_s_v where sno < 1);\g 
<<

+-------------+
|sno          |
+-------------+
|            1|
+-------------+
(1 row)
>>
* select distinct sno from eca_big_sp_v eca_big_spx 
<<
>>
*	where 1 < 
<<
>>
*	 (select count(*) from eca_big_sp_v eca_big_spy 
<<
>>
*	where eca_big_spy.sno = eca_big_spx.sno);\g 
<<

+-------------+
|sno          |
+-------------+
|            1|
|            2|
|            4|
+-------------+
(3 rows)
>>
* select sno, pno from eca_big_sp_v eca_big_spx 
<<
>>
*	where pno - 1 = 
<<
>>
*	 (select count(*) from eca_big_sp_v eca_big_spy 
<<
>>
*	where eca_big_spy.sno = eca_big_spx.sno and eca_big_spy.sno > 9);\g 
<<

+-------------+-------------+
|sno          |pno          |
+-------------+-------------+
|            1|            1|
|            2|            1|
+-------------+-------------+
(2 rows)
>>
* drop view eca_s_v;\g
<<
~
>>
* drop view eca_sp_v;\g
<<
~
>>
* drop view eca_big_s_v;\g
<<
~
>>
* drop view eca_big_sp_v;\g
<<
~
>>
* \q 
<<
>>


Ending at: Wed Nov 18 12:58:02 2009
