/*
	Test Name: fja05.sep 
	Time     : 25-Jun-1993 13:59:08
	User Name: testenv 

	Test ID  : fja05 
	Module   : datatypes 
	Filename : fja05.sep
	Purpose  :  It tests the semantics and syntax of float precision 
	Input Files  : none 
	Output Files : none 
	Database     : SEPPARAMDB 
	Tables       : 
	Synopsis     : It creates tables with different size of float datatypes
			       and tests its functionality
	History      : 25-Jun-1993 (daniel lee)
        <<< IMPORTANT NOTE: >>>
	The float precision display in the canon may
	NOT be correct because of a problem with the
	terminal monitor(TM) when this test was written.
	It is strongly recommended to check the canon FIRST !!!
          20-Jun-1995	(ciodi01)
                        Modified canons for statements "help table foo2;\g" and
			"help table foo18;\g" to reflect that the version is
			OPING1.1 and that the default for journalling a table
			is now "enabled after next checkpoint" (before, it was
			"disabled").
          15-Sep-1995	(gauje02)  updated some canons to to reflect that the
                        version is now OPING1.2.
          28-May-1997   (seran01) Changed canon for help table command to 
                         reflect OI 2.0 changes
          07-Jan-1999   (hanch04) Replace table version with TBL_VER.
	  23-Mar-1999   (vande02) Hard-coded VPG_SZ to 8K and added empty canon
                        after 'sql -s SEPPARAMDB1' if the test db does not exist
                        you will see the msg."TM could not connect" and removed
                        TBL_VER (grammar.lex masks table versions).
          31-Mar-2010   (hanal04) Bug 123481 Extend width of Type column in
                                  HELP TABLE output.
*/
? sql -s SEPPARAMDB 
<<

>>
* set autocommit on;\g
<<
>>
* drop foo1, foo2, foo3;\g
<<
~
>>
* drop foo4;\g
<<
~
>>
* drop foo5;\g
<<
~
>>
* drop foo6;\g
<<
~
>>
* drop foo7;\g
<<
~
>>
* drop foo8;\g
<<
~
>>
* drop foo9;\g
<<
~
>>
* drop foo10;\g
<<
~
>>
* drop foo11;\g
<<
~
>>
* drop foo12;\g
<<
~
>>
* drop foo13;\g
<<
~
>>
* drop foo14;\g
<<
~
>>
* drop foo15;\g
<<
~
>>
* drop foo16;\g
<<
~
>>
* drop foo17;\g
<<
~
>>
* drop foo18;\g
<<
~
>>
* drop foo19;\g
<<
~
>>
* drop foo20;\g
<<
~
>>
* drop foo21;\g
<<
~
>>
* drop foo22;\g
<<
~
>>
* drop foo23;\g
<<
~
>>
* drop foo24;\g
<<
~
>>
* drop foo25;\g
<<
~
>>
* drop foo26;\g
<<
~
>>
* drop foo27;\g
<<
~
>>
* create table foo2 ( col1 float(53)) with page_size=8192;\g
<<
>>
* create table foo3 ( col1 float(-1)) with page_size=8192;\g
<<
E_US0F0F line 1, Syntax error on '-'.  The correct syntax is: 
    CREATE TABLE tablename ( 
       columnname format [default_clause] [null_clause]  [column_constraint]
    
     | table_constraint 
       {, ... } ) 
       [with_clause] 
     
     CREATE TABLE tablename [(colname_list)] 
       AS subselect 
   [with_clause] 
    (Fri Jun 25 13:57:24 1993)

E_US0AA2 line 1, Syntax error on '-'. An integer constant expected.
    (Fri Jun 25 13:57:24 1993)

>>
* create table foo4 ( col1 float(-51)) with page_size=8192;\g
<<
E_US0F0F line 1, Syntax error on '-'.  The correct syntax is: 
    CREATE TABLE tablename ( 
       columnname format [default_clause] [null_clause]  [column_constraint]
    
     | table_constraint 
       {, ... } ) 
       [with_clause] 
     
     CREATE TABLE tablename [(colname_list)] 
       AS subselect 
   [with_clause] 
    (Fri Jun 25 13:57:24 1993)

E_US0AA2 line 1, Syntax error on '-'. An integer constant expected.
    (Fri Jun 25 13:57:24 1993)

>>
* create table foo5 ( col1 float(i)) with page_size=8192;\g
<<
E_US0F0F line 1, Syntax error on 'i'.  The correct syntax is: 
    CREATE TABLE tablename ( 
       columnname format [default_clause] [null_clause]  [column_constraint]
    
     | table_constraint 
       {, ... } ) 
       [with_clause] 
     
     CREATE TABLE tablename [(colname_list)] 
       AS subselect 
   [with_clause] 
    (Fri Jun 25 13:57:24 1993)

E_US0AA2 line 1, Syntax error on 'i'. An integer constant expected.
    (Fri Jun 25 13:57:24 1993)

>>
* create table foo6 ( col1 float(I+10)) with page_size=8192;\g
<<
E_US0F0F line 1, Syntax error on 'I'.  The correct syntax is: 
    CREATE TABLE tablename ( 
       columnname format [default_clause] [null_clause]  [column_constraint]
    
     | table_constraint 
       {, ... } ) 
       [with_clause] 
     
     CREATE TABLE tablename [(colname_list)] 
       AS subselect 
   [with_clause] 
    (Fri Jun 25 13:57:24 1993)

E_US0AA2 line 1, Syntax error on 'I'. An integer constant expected.
    (Fri Jun 25 13:57:24 1993)

>>
* create table foo7 ( col1 float(100-95)) with page_size=8192;\g
<<
E_US0F0F line 1, Syntax error on '-'.  The correct syntax is: 
    CREATE TABLE tablename ( 
       columnname format [default_clause] [null_clause]  [column_constraint]
    
     | table_constraint 
       {, ... } ) 
       [with_clause] 
     
     CREATE TABLE tablename [(colname_list)] 
       AS subselect 
   [with_clause] 
    (Fri Jun 25 13:57:24 1993)

>>
* create table foo8 ( col1 float(10+i)) with page_size=8192;\g
<<
E_US0F0F line 1, Syntax error on '+'.  The correct syntax is: 
    CREATE TABLE tablename ( 
       columnname format [default_clause] [null_clause]  [column_constraint]
    
     | table_constraint 
       {, ... } ) 
       [with_clause] 
     
     CREATE TABLE tablename [(colname_list)] 
       AS subselect 
   [with_clause] 
    (Fri Jun 25 13:57:24 1993)

>>
* create table foo9 ( col1 float(54-0)) with page_size=8192;\g
<<
E_US0F0F line 1, Syntax error on '-'.  The correct syntax is: 
    CREATE TABLE tablename ( 
       columnname format [default_clause] [null_clause]  [column_constraint]
    
     | table_constraint 
       {, ... } ) 
       [with_clause] 
     
     CREATE TABLE tablename [(colname_list)] 
       AS subselect 
   [with_clause] 
    (Fri Jun 25 13:57:25 1993)

>>
* create table foo10 ( col1 float(54-1)) with page_size=8192;\g
<<
E_US0F0F line 1, Syntax error on '-'.  The correct syntax is: 
    CREATE TABLE tablename ( 
       columnname format [default_clause] [null_clause]  [column_constraint]
    
     | table_constraint 
       {, ... } ) 
       [with_clause] 
     
     CREATE TABLE tablename [(colname_list)] 
       AS subselect 
   [with_clause] 
    (Fri Jun 25 13:57:25 1993)

>>
* create table foo11 ( col1 float(0+1)) with page_size=8192;\g
<<
E_US0F0F line 1, Syntax error on '+'.  The correct syntax is: 
    CREATE TABLE tablename ( 
       columnname format [default_clause] [null_clause]  [column_constraint]
    
     | table_constraint 
       {, ... } ) 
       [with_clause] 
     
     CREATE TABLE tablename [(colname_list)] 
       AS subselect 
   [with_clause] 
    (Fri Jun 25 13:57:25 1993)

>>
* create table foo12 ( col1 float(1-1)) with page_size=8192;\g
<<
E_US0F0F line 1, Syntax error on '-'.  The correct syntax is: 
    CREATE TABLE tablename ( 
       columnname format [default_clause] [null_clause]  [column_constraint]
    
     | table_constraint 
       {, ... } ) 
       [with_clause] 
     
     CREATE TABLE tablename [(colname_list)] 
       AS subselect 
   [with_clause] 
    (Fri Jun 25 13:57:25 1993)

>>
* create table foo13 ( col1 float(10-2)) with page_size=8192;\g
<<
E_US0F0F line 1, Syntax error on '-'.  The correct syntax is: 
    CREATE TABLE tablename ( 
       columnname format [default_clause] [null_clause]  [column_constraint]
    
     | table_constraint 
       {, ... } ) 
       [with_clause] 
     
     CREATE TABLE tablename [(colname_list)] 
       AS subselect 
   [with_clause] 
    (Fri Jun 25 13:57:25 1993)

>>
* create table foo14 ( col1 float(10-3)) with page_size=8192;\g
<<
E_US0F0F line 1, Syntax error on '-'.  The correct syntax is: 
    CREATE TABLE tablename ( 
       columnname format [default_clause] [null_clause]  [column_constraint]
    
     | table_constraint 
       {, ... } ) 
       [with_clause] 
     
     CREATE TABLE tablename [(colname_list)] 
       AS subselect 
   [with_clause] 
    (Fri Jun 25 13:57:25 1993)

>>
* create table foo15 ( col1 float(50+3)) with page_size=8192;\g
<<
E_US0F0F line 1, Syntax error on '+'.  The correct syntax is: 
    CREATE TABLE tablename ( 
       columnname format [default_clause] [null_clause]  [column_constraint]
    
     | table_constraint 
       {, ... } ) 
       [with_clause] 
     
     CREATE TABLE tablename [(colname_list)] 
       AS subselect 
   [with_clause] 
    (Fri Jun 25 13:57:25 1993)

>>
* create table foo16 ( col1 float(10-9)) with page_size=8192;\g
<<
E_US0F0F line 1, Syntax error on '-'.  The correct syntax is: 
    CREATE TABLE tablename ( 
       columnname format [default_clause] [null_clause]  [column_constraint]
    
     | table_constraint 
       {, ... } ) 
       [with_clause] 
     
     CREATE TABLE tablename [(colname_list)] 
       AS subselect 
   [with_clause] 
    (Fri Jun 25 13:57:25 1993)

>>
* create table foo17 ( col1 float(10-10)) with page_size=8192;\g
<<
E_US0F0F line 1, Syntax error on '-'.  The correct syntax is: 
    CREATE TABLE tablename ( 
       columnname format [default_clause] [null_clause]  [column_constraint]
    
     | table_constraint 
       {, ... } ) 
       [with_clause] 
     
     CREATE TABLE tablename [(colname_list)] 
       AS subselect 
   [with_clause] 
    (Fri Jun 25 13:57:26 1993)

>>
* create table foo18 ( col1 float(1)) with page_size=8192;\g
<<
>>
* create table foo19 ( col1 float(8-1)) with page_size=8192;\g
<<
E_US0F0F line 1, Syntax error on '-'.  The correct syntax is: 
    CREATE TABLE tablename ( 
       columnname format [default_clause] [null_clause]  [column_constraint]
    
     | table_constraint 
       {, ... } ) 
       [with_clause] 
     
     CREATE TABLE tablename [(colname_list)] 
       AS subselect 
   [with_clause] 
    (Fri Jun 25 13:57:27 1993)

>>
* create table foo20 ( col1 float(**)) with page_size=8192;\g
<<
E_US0F0F line 1, Syntax error on '**'.  The correct syntax is: 
    CREATE TABLE tablename ( 
       columnname format [default_clause] [null_clause]  [column_constraint]
    
     | table_constraint 
       {, ... } ) 
       [with_clause] 
     
     CREATE TABLE tablename [(colname_list)] 
       AS subselect 
   [with_clause] 
    (Fri Jun 25 13:57:27 1993)

E_US0AA2 line 1, Syntax error on '**'. An integer constant expected.
    (Fri Jun 25 13:57:27 1993)

>>
* create table foo21 ( col1 float(*)) with page_size=8192;\g
<<
E_US0F0F line 1, Syntax error on '*'.  The correct syntax is: 
    CREATE TABLE tablename ( 
       columnname format [default_clause] [null_clause]  [column_constraint]
    
     | table_constraint 
       {, ... } ) 
       [with_clause] 
     
     CREATE TABLE tablename [(colname_list)] 
       AS subselect 
   [with_clause] 
    (Fri Jun 25 13:57:27 1993)

E_US0AA2 line 1, Syntax error on '*'. An integer constant expected.
    (Fri Jun 25 13:57:27 1993)

>>
* create table foo22 ( col1 float(u)) with page_size=8192;\g
<<
E_US0F0F line 1, Syntax error on 'u'.  The correct syntax is: 
    CREATE TABLE tablename ( 
       columnname format [default_clause] [null_clause]  [column_constraint]
    
     | table_constraint 
       {, ... } ) 
       [with_clause] 
     
     CREATE TABLE tablename [(colname_list)] 
       AS subselect 
   [with_clause] 
    (Fri Jun 25 13:57:27 1993)

E_US0AA2 line 1, Syntax error on 'u'. An integer constant expected.
    (Fri Jun 25 13:57:27 1993)

>>
* create table foo23 ( col1 float(z)) with page_size=8192;\g
<<
E_US0F0F line 1, Syntax error on 'z'.  The correct syntax is: 
    CREATE TABLE tablename ( 
       columnname format [default_clause] [null_clause]  [column_constraint]
    
     | table_constraint 
       {, ... } ) 
       [with_clause] 
     
     CREATE TABLE tablename [(colname_list)] 
       AS subselect 
   [with_clause] 
    (Fri Jun 25 13:57:27 1993)

E_US0AA2 line 1, Syntax error on 'z'. An integer constant expected.
    (Fri Jun 25 13:57:27 1993)

>>
* create table foo24 ( col1 float(^)) with page_size=8192;\g
<<
E_US0A8E line 1, Invalid operator '^)'.
    (Fri Jun 25 13:57:27 1993)

>>
* create table foo25 ( col1 float(@)) with page_size=8192;\g
<<
E_US0A94 line 1, Unexpected character '@'.
    (Fri Jun 25 13:57:27 1993)

>>
* create table foo26 ( col1 float(!)) with page_size=8192;\g
<<
E_US0A8E line 1, Invalid operator '!)'.
    (Fri Jun 25 13:57:28 1993)

>>
* create table foo27 ( col1 float(12222)) with page_size=8192;\g
<<
E_US07DE CREATE or ALTER TABLE: invalid column format 'float' on column
    'col1'.
    (Thu Nov  7 06:45:21 1996)

>>
* help table foo2;\g
<<
Name:                 foo2
Owner:                testenv
Created:              07-nov-1996 06:44:56     
Location:             ii_database
Type:                 user table
Version:              OI2.0
Page size:            8192
Cache priority:       0
Alter table version:  0
Alter table totwidth: 9
Row width:            9
Number of rows:       0
Storage structure:    heap
Compression:          none
Duplicate Rows:       allowed
Number of pages:      3
Overflow data pages:  0
Journaling:           enabled after the next checkpoint
Base table for view:  no
Permissions:          none
Integrities:          none
Optimizer statistics: none

Column Information:
                                                                          Key
Column Name                      Type               Length Nulls Defaults Seq
col1                             float                   8  yes    null       

Secondary indexes:    none



>>
* help table foo3;\g
<<
No tables were found that matched 'foo3'


>>
* help table foo4;\g
<<
No tables were found that matched 'foo4'


>>
* help table foo5;\g
<<
No tables were found that matched 'foo5'


>>
* help table foo6;\g
<<
No tables were found that matched 'foo6'


>>
* help table foo7;\g
<<
No tables were found that matched 'foo7'


>>
* help table foo8;\g
<<
No tables were found that matched 'foo8'


>>
* help table foo9;\g
<<
No tables were found that matched 'foo9'


>>
* help table foo11;\g
<<
No tables were found that matched 'foo11'


>>
* help table foo12;\g
<<
No tables were found that matched 'foo12'


>>
* help table foo13;\g
<<
No tables were found that matched 'foo13'


>>
* help table foo14;\g
<<
No tables were found that matched 'foo14'


>>
* help table foo15;\g
<<
No tables were found that matched 'foo15'


>>
* help table foo16;\g
<<
No tables were found that matched 'foo16'


>>
* help table foo17;\g
<<
No tables were found that matched 'foo17'


>>
* help table foo18;\g
<<
Name:                 foo18
Owner:                testenv
Created:              07-nov-1996 06:45:12     
Location:             ii_database
Type:                 user table
Version:              OI2.0
Page size:            8192
Cache priority:       0
Alter table version:  0
Alter table totwidth: 5
Row width:            5
Number of rows:       0
Storage structure:    heap
Compression:          none
Duplicate Rows:       allowed
Number of pages:      3
Overflow data pages:  0
Journaling:           enabled after the next checkpoint
Base table for view:  no
Permissions:          none
Integrities:          none
Optimizer statistics: none

Column Information:
                                                                          Key
Column Name                      Type               Length Nulls Defaults Seq
col1                             float                   4  yes    null       

Secondary indexes:    none



>>
* help table foo19;\g
<<
No tables were found that matched 'foo19'


>>
* help table foo20;\g
<<
No tables were found that matched 'foo20'


>>
* help table foo21;\g
<<
No tables were found that matched 'foo21'


>>
* help table foo22;\g
<<
No tables were found that matched 'foo22'


>>
* help table foo23;\g
<<
No tables were found that matched 'foo23'


>>
* help table foo24;\g
<<
No tables were found that matched 'foo24'


>>
* help table foo25;\g
<<
No tables were found that matched 'foo25'


>>
* help table foo26;\g
<<
No tables were found that matched 'foo26'


>>
* help table foo27;\g
<<
No tables were found that matched 'foo27'


>>
* insert into foo2 (col1) values (1.000000000000);\g
<<
(1 row)
>>
* insert into foo2 (col1) values (2.23232323232323323);\g
<<
(1 row)
>>
* insert into foo2 (col1) values (12.34529847);\g
<<
(1 row)
>>
* insert into foo3 (col1) values (123.098888);\g
<<
E_US0845 Table 'foo3' does not exist or is not owned by you.
    (Fri Jun 25 13:57:38 1993)

>>
* insert into foo3 (col1) values (121212122.00000009);\g
<<
E_US0845 Table 'foo3' does not exist or is not owned by you.
    (Fri Jun 25 13:57:38 1993)

>>
* select * from foo2;\g
<<

+-----------+
|col1       |
+-----------+
|      1.000|
|      2.232|
|     12.345|
+-----------+
(3 rows)
>>
* select * from foo3;\g
<<
E_US0845 Table 'foo3' does not exist or is not owned by you.
    (Fri Jun 25 13:57:38 1993)

>>
* \q
<<
~
>>


Ending at: Thu Nov  7 06:46:05 1996
