/*
Copyright (c) 2008 Ingres Corporation

	Test Name: acc70 (formerly dda15)
	Time: 10-JUL-1989 08:30:56
	User Name: testenv 
 
	Test ID : acc70
	Module  : be/qrymod
	Filename: acc70.sep
	Purpose	: views related tests
	Input Files  : dda15p.dat, dda15e.dat, dda15b.dat, dda15d.dat
	Output Files : (same as above)
	Database     : SEPPARAMDB
	Tables       : dda15p, dda15e, dda15b, dda15d 
	Synopsis     : union on views, nested views, dropping of intermediate
			views

	History	:
          08-APR-1989	Created   davel - Dave Lo Author
          10-JUL-1989   Converted larryh - Larry Hosken
          23-APR-1990	Revised   France
				  2 drop statements for tables created,
				  deleted one before commit(below)
				  * drop partinfo, emp, bldg, dept ; \g
				  dropping intermediate views
          11-Oct-1993	(garys)   Updated canon to accept help view info on
                                  table - 65 now shows dbaname.tablename.
          17-Dec-1993	(garys)   Updated canon to accept double quote
			  	  delimiter around table dba name in help
			 	  view output.
           1-Jul-1990		  Test modified to conform to Test Case/
                                  Portability Standards. (Brought to you by
                                  the devils of correction)
          22-mar-1999	(yu$pe02) Hard code page size to 8K.
          16-Sep-2008   (vande02) Added conditional canons to allow for UTF8
                                  collation sequence order/or results. Header
                                  cleanup.
      27-Feb-2009	(boija02) ING_CHARSET -> SEPPARAM_CHARSET
*/
? fill dda15p.dat 
!!
1	Desk Chair
3	Oak Desk
3	Oak Desk
51173	No. 2 Paper Clips
51173	No. 2 Paper Clips
51175	Yellow Ruled Pads
51175	Yellow Ruled Pads
51180	Plastic Rulers
51180	Plastic Rulers
57003	pilot Razor Point Pens
57003	pilot Razor Point Pens
!!
? fill dda15e.dat 
!!
Ramos	30000.000	tech sup	NW	shigio	21-jan-1941	0
Clark	40000.000	sales	NC	Verducci	18-nov-1949	1
Shigio	28000.000	sales	SE	Verducci	09-jul-1948	3
McTigue	41000.000	sales	NW	Verducci	09-apr-1953	1
Ming	22000.000	tech sup	SE	Shigio	04-may-1956	1
Blumberg	32000.000	sales	SC	Clark	06-dec-1952	2
Verducci	55000.000	admin	NW		25-dec-1958	2
Vasos	15000.000	admin	NW	Verducci	14-jun-1961	1
!!
? fill dda15b.dat 
!!
A	1000 University Ave	Berkeley	CA	94000
B	1800 Shattuck Ave	Berkeley	CA	94100
C	900 Lake Shore Blvd	Chicago	IL	60080
D	24130 Pennsylvania Ave	Washington	DC	20198
E	42318 Woodsay Blvd	Houston	TX	77009
F	1585 Eye St	Washington	DC	20199
!!
? fill dda15d.dat 
!!
admin	NW	0	A	1	2
sales	NC	120000	C	1	1
sales	NW	200000	A	2	1
sales	SC	95000	E	1	1
sales	SE	175000	D	18	1
tech sup	NW	0	B	1	1
tech sup	SE	0	D	19	1
!!
? sql -s SEPPARAMDB 
<<
>>
* drop dda15p, dda15e, dda15b, dda15d; \g
<<
>>
<<
E_US0AC1 DROP: 'dda15p' does not exist or is not owned by you.
    (Wed May  2 10:47:53 1990)

E_US0AC1 DROP: 'dda15e' does not exist or is not owned by you.
    (Wed May  2 10:47:53 1990)

E_US0AC1 DROP: 'dda15b' does not exist or is not owned by you.
    (Wed May  2 10:47:53 1990)

E_US0AC1 DROP: 'dda15d' does not exist or is not owned by you.
    (Wed May  2 10:47:53 1990)

>>
* create table dda15p (partno integer4, descrip vchar(30)) with page_size=8192 ; \g
<<
>>
* create table dda15e (name vchar(30), salary integer4, dept vchar(10), div vchar(2)-
, mgr vchar(15), birthdate date, num_dep integer1) with page_size=8192; \g
<<
>>
* create table dda15b (bldg vchar(1), st_adr vchar(40), city vchar(15), state vchar(-
2), zip integer4) with page_size=8192; \g
<<
>>
* create table dda15d (dname vchar(10), div vchar(2), sales integer4, bldg vchar(1),-
 floor integer1, num_emp integer2)  with page_size=8192; \g
<<
>>
* copy table dda15p (partno=vchar(0)tab, descrip=vchar(0)nl) from 'dda15p.dat'\g
<<
(11 rows)
>>
* copy table dda15e (name=vchar(0)tab, salary=vchar(0)tab, dept=vchar(0)tab, div=vch-
ar(0)tab, mgr=vchar(0)tab, birthdate=vchar(0)tab, num_dep=vchar(0)nl) from 'dda15e.d-
at' \g
<<
(8 rows)
>>
* copy table dda15b (bldg=vchar(0)tab, st_adr=vchar(0)tab, city=vchar(0)tab, state=v-
char(0)tab, zip=vchar(0)nl) from 'dda15b.dat'; \g
<<
(6 rows)
>>
* copy table dda15d (dname=vchar(0)tab, div=vchar(0)tab, sales=vchar(0)tab, bldg=vch-
ar(0)tab, floor=vchar(0)tab, num_emp=vchar(0)nl) from 'dda15d.dat' ; \g
<<
(7 rows)
>>
* drop dda15vw, dda15vwa, dda15vwb, dda15vwc, dda15vwd, dda15vwe ; \g
<<
E_US0AC1 DROP: 'dda15vw' does not exist or is not owned by you.
    (10-JUL-1989 10:30:47)

E_US0AC1 DROP: 'dda15vwa' does not exist or is not owned by you.
    (10-JUL-1989 10:30:47)

E_US0AC1 DROP: 'dda15vwb' does not exist or is not owned by you.
    (10-JUL-1989 10:30:48)

E_US0AC1 DROP: 'dda15vwc' does not exist or is not owned by you.
    (10-JUL-1989 10:30:48)

E_US0AC1 DROP: 'dda15vwd' does not exist or is not owned by you.
    (10-JUL-1989 10:30:48)

E_US0AC1 DROP: 'dda15vwe' does not exist or is not owned by you.
    (10-JUL-1989 10:30:48)

>>
* select * from dda15p;\g
<<

+-------------+------------------------------+
|partno       |descrip                       |
+-------------+------------------------------+
|            1|Desk Chair                    |
|            3|Oak Desk                      |
|            3|Oak Desk                      |
|        51173|No. 2 Paper Clips             |
|        51173|No. 2 Paper Clips             |
|        51175|Yellow Ruled Pads             |
|        51175|Yellow Ruled Pads             |
|        51180|Plastic Rulers                |
|        51180|Plastic Rulers                |
|        57003|pilot Razor Point Pens        |
|        57003|pilot Razor Point Pens        |
+-------------+------------------------------+
(11 rows)
>>
* create view dda15vw (descrip) as select descrip from dda15p;\g
<<
>>
* help view dda15vw;\g
<<
View:                 dda15vw
Owner:                testenv
Check option:         off

View Definition:
create view  dda15vw (descrip) as select descrip from "testenv".      
dda15p                                                                



>>
* select * from dda15vw;\g
<<

+------------------------------+
|descrip                       |
+------------------------------+
|Desk Chair                    |
|Oak Desk                      |
|Oak Desk                      |
|No. 2 Paper Clips             |
|No. 2 Paper Clips             |
|Yellow Ruled Pads             |
|Yellow Ruled Pads             |
|Plastic Rulers                |
|Plastic Rulers                |
|pilot Razor Point Pens        |
|pilot Razor Point Pens        |
+------------------------------+
(11 rows)
>>
* select * from dda15vw union select * from dda15vw;\g
/*
union on view
*/
<< IF (SEPPARAM_CHARSET == "UTF8") 

+------------------------------+
|descrip                       |
+------------------------------+
|Desk Chair                    |
|No. 2 Paper Clips             |
|Oak Desk                      |
|pilot Razor Point Pens        |
|Plastic Rulers                |
|Yellow Ruled Pads             |
+------------------------------+
(6 rows)
>>
<<

+------------------------------+
|descrip                       |
+------------------------------+
|Desk Chair                    |
|No. 2 Paper Clips             |
|Oak Desk                      |
|Plastic Rulers                |
|Yellow Ruled Pads             |
|pilot Razor Point Pens        |
+------------------------------+
(6 rows)
>>
* select * from dda15vw union select descrip from dda15p;\g
<< IF (SEPPARAM_CHARSET == "UTF8") 

+------------------------------+
|descrip                       |
+------------------------------+
|Desk Chair                    |
|No. 2 Paper Clips             |
|Oak Desk                      |
|pilot Razor Point Pens        |
|Plastic Rulers                |
|Yellow Ruled Pads             |
+------------------------------+
(6 rows)
>>
<<

+------------------------------+
|descrip                       |
+------------------------------+
|Desk Chair                    |
|No. 2 Paper Clips             |
|Oak Desk                      |
|Plastic Rulers                |
|Yellow Ruled Pads             |
|pilot Razor Point Pens        |
+------------------------------+
(6 rows)
>>
* select descrip from dda15vw union select descrip from dda15p;\g
<< IF (SEPPARAM_CHARSET == "UTF8") 

+------------------------------+
|descrip                       |
+------------------------------+
|Desk Chair                    |
|No. 2 Paper Clips             |
|Oak Desk                      |
|pilot Razor Point Pens        |
|Plastic Rulers                |
|Yellow Ruled Pads             |
+------------------------------+
(6 rows)
>>
<<

+------------------------------+
|descrip                       |
+------------------------------+
|Desk Chair                    |
|No. 2 Paper Clips             |
|Oak Desk                      |
|Plastic Rulers                |
|Yellow Ruled Pads             |
|pilot Razor Point Pens        |
+------------------------------+
(6 rows)
>>
* create view dda15vwa (name) as select name from dda15e;\g
<<
>>
* create view dda15vwb (mgr) as select mgr from dda15e;\g
<<
>>
* select * from dda15vwa;\g
<<

+------------------------------+
|name                          |
+------------------------------+
|Ramos                         |
|Clark                         |
|Shigio                        |
|McTigue                       |
|Ming                          |
|Blumberg                      |
|Verducci                      |
|Vasos                         |
+------------------------------+
(8 rows)
>>
* select * from dda15vwb;\g
<<

+---------------+
|mgr            |
+---------------+
|shigio         |
|Verducci       |
|Verducci       |
|Verducci       |
|Shigio         |
|Clark          |
|               |
|Verducci       |
+---------------+
(8 rows)
>>
* select * from dda15vwa union select * from dda15vwb;\g
<< IF (SEPPARAM_CHARSET == "UTF8") 

+------------------------------+
|name                          |
+------------------------------+
|Blumberg                      |
|Clark                         |
|McTigue                       |
|Ming                          |
|Ramos                         |
|shigio                        |
|Shigio                        |
|Vasos                         |
|Verducci                      |
|                              |
+------------------------------+
(10 rows)
>>
<<

+------------------------------+
|name                          |
+------------------------------+
|Blumberg                      |
|Clark                         |
|McTigue                       |
|Ming                          |
|Ramos                         |
|Shigio                        |
|Vasos                         |
|Verducci                      |
|shigio                        |
|                              |
+------------------------------+
(10 rows)
>>
* select a=name from dda15vwa union select mgr from dda15vwb;\g
/*
view and union on same table
*/
<< IF (SEPPARAM_CHARSET == "UTF8") 

+------------------------------+
|a                             |
+------------------------------+
|Blumberg                      |
|Clark                         |
|McTigue                       |
|Ming                          |
|Ramos                         |
|shigio                        |
|Shigio                        |
|Vasos                         |
|Verducci                      |
|                              |
+------------------------------+
(10 rows)
>>
<<

+------------------------------+
|a                             |
+------------------------------+
|Blumberg                      |
|Clark                         |
|McTigue                       |
|Ming                          |
|Ramos                         |
|Shigio                        |
|Vasos                         |
|Verducci                      |
|shigio                        |
|                              |
+------------------------------+
(10 rows)
>>
* create view dda15vwc (bldg) as select bldg from dda15b;\g
<<
>>
* create view dda15vwd (bldg) as select bldg from dda15d;\g
<<
>>
* select * from dda15vwc;\g
<<

+------+
|bldg  |
+------+
|A     |
|B     |
|C     |
|D     |
|E     |
|F     |
+------+
(6 rows)
>>
* select * from dda15vwd;\g
<<

+------+
|bldg  |
+------+
|A     |
|C     |
|A     |
|E     |
|D     |
|B     |
|D     |
+------+
(7 rows)
>>
* select * from dda15vwc union select * from dda15vwd;\g
/*
view and union from different base tables
*/
<<

+------+
|bldg  |
+------+
|A     |
|B     |
|C     |
|D     |
|E     |
|F     |
+------+
(6 rows)
>>
* select bldg from dda15vwc union select bldg from dda15vwd;\g
/*
view and union on different base tables
*/
<<

+------+
|bldg  |
+------+
|A     |
|B     |
|C     |
|D     |
|E     |
|F     |
+------+
(6 rows)
>>
* select bldg from dda15vwc union select bldg from dda15vwd where bldg > 'B';\g
/*
view and union on different base tables
*/
<<

+------+
|bldg  |
+------+
|A     |
|B     |
|C     |
|D     |
|E     |
|F     |
+------+
(6 rows)
>>
* select bldg from dda15vwc union select bldg  from dda15vwd where bldg>'B' order by-
 1\g
/*
view and union from different base tables
*/
<<

+------+
|bldg  |
+------+
|A     |
|B     |
|C     |
|D     |
|E     |
|F     |
+------+
(6 rows)
>>
* select * from dda15p;\g
<<

+-------------+------------------------------+
|partno       |descrip                       |
+-------------+------------------------------+
|            1|Desk Chair                    |
|            3|Oak Desk                      |
|            3|Oak Desk                      |
|        51173|No. 2 Paper Clips             |
|        51173|No. 2 Paper Clips             |
|        51175|Yellow Ruled Pads             |
|        51175|Yellow Ruled Pads             |
|        51180|Plastic Rulers                |
|        51180|Plastic Rulers                |
|        57003|pilot Razor Point Pens        |
|        57003|pilot Razor Point Pens        |
+-------------+------------------------------+
(11 rows)
>>
* select * from dda15p union select orderno, partno, quan from dda15p;\g
/*
union
*/
<<
E_US0836 line 1, Column 'orderno' not found in any specified table.
    (10-JUL-1989 10:34:07)

>>
* select orderno, partno, quan from partno union select * from part dda15p;\g
/*
union
*/
<<
E_US0845 Table 'partno' does not exist.
    (10-JUL-1989 10:34:11)

>>
<<
E_US0845 Table 'partno' does not exist or is not owned by you.
    (Tue Apr 24 11:37:59 1990)

>>
* select * from dda15p;\g
<<

+-------------+------------------------------+
|partno       |descrip                       |
+-------------+------------------------------+
|            1|Desk Chair                    |
|            3|Oak Desk                      |
|            3|Oak Desk                      |
|        51173|No. 2 Paper Clips             |
|        51173|No. 2 Paper Clips             |
|        51175|Yellow Ruled Pads             |
|        51175|Yellow Ruled Pads             |
|        51180|Plastic Rulers                |
|        51180|Plastic Rulers                |
|        57003|pilot Razor Point Pens        |
|        57003|pilot Razor Point Pens        |
+-------------+------------------------------+
(11 rows)
>>
* select * from dda15p union select * from dda15p;\g
/*
union
*/
<<

+-------------+------------------------------+
|partno       |descrip                       |
+-------------+------------------------------+
|            1|Desk Chair                    |
|            3|Oak Desk                      |
|        51173|No. 2 Paper Clips             |
|        51175|Yellow Ruled Pads             |
|        51180|Plastic Rulers                |
|        57003|pilot Razor Point Pens        |
+-------------+------------------------------+
(6 rows)
>>
* create view dda15vwe (descrip) as select descrip from dda15p;\g
<<
>>
* help view dda15vwe;\g
<<
View:                 dda15vwe
Owner:                testenv
Check option:         off

View Definition:
create view  dda15vwe (descrip) as select descrip from "testenv".     
dda15p                                                                



>>
* select * from dda15vwe;\g
<<

+------------------------------+
|descrip                       |
+------------------------------+
|Desk Chair                    |
|Oak Desk                      |
|Oak Desk                      |
|No. 2 Paper Clips             |
|No. 2 Paper Clips             |
|Yellow Ruled Pads             |
|Yellow Ruled Pads             |
|Plastic Rulers                |
|Plastic Rulers                |
|pilot Razor Point Pens        |
|pilot Razor Point Pens        |
+------------------------------+
(11 rows)
>>
* select * from dda15vwe union select * from dda15vwe;\g
/*
union on view with select
*/
<< IF (SEPPARAM_CHARSET == "UTF8") 

+------------------------------+
|descrip                       |
+------------------------------+
|Desk Chair                    |
|No. 2 Paper Clips             |
|Oak Desk                      |
|pilot Razor Point Pens        |
|Plastic Rulers                |
|Yellow Ruled Pads             |
+------------------------------+
(6 rows)
>>
<<

+------------------------------+
|descrip                       |
+------------------------------+
|Desk Chair                    |
|No. 2 Paper Clips             |
|Oak Desk                      |
|Plastic Rulers                |
|Yellow Ruled Pads             |
|pilot Razor Point Pens        |
+------------------------------+
(6 rows)
>>
* select * from dda15vwe union select descrip from dda15p;\g
/*
union on view with select
*/
<< IF (SEPPARAM_CHARSET == "UTF8") 

+------------------------------+
|descrip                       |
+------------------------------+
|Desk Chair                    |
|No. 2 Paper Clips             |
|Oak Desk                      |
|pilot Razor Point Pens        |
|Plastic Rulers                |
|Yellow Ruled Pads             |
+------------------------------+
(6 rows)
>>
<<

+------------------------------+
|descrip                       |
+------------------------------+
|Desk Chair                    |
|No. 2 Paper Clips             |
|Oak Desk                      |
|Plastic Rulers                |
|Yellow Ruled Pads             |
|pilot Razor Point Pens        |
+------------------------------+
(6 rows)
>>
* select name from dda15e union select mgr from dda15e;\g
/*
union with mismatch length
*/
<< IF (SEPPARAM_CHARSET == "UTF8") 

+------------------------------+
|name                          |
+------------------------------+
|Blumberg                      |
|Clark                         |
|McTigue                       |
|Ming                          |
|Ramos                         |
|shigio                        |
|Shigio                        |
|Vasos                         |
|Verducci                      |
|                              |
+------------------------------+
(10 rows)
>>
<<

+------------------------------+
|name                          |
+------------------------------+
|Blumberg                      |
|Clark                         |
|McTigue                       |
|Ming                          |
|Ramos                         |
|Shigio                        |
|Vasos                         |
|Verducci                      |
|shigio                        |
|                              |
+------------------------------+
(10 rows)
>>
* select name from dda15e union select ascii(num_dep) from dda15e;\g
/*
union with mismatch type
*/
<<

+------------------------------+
|name                          |
+------------------------------+
|0                             |
|1                             |
|2                             |
|3                             |
|Blumberg                      |
|Clark                         |
|McTigue                       |
|Ming                          |
|Ramos                         |
|Shigio                        |
|Vasos                         |
|Verducci                      |
+------------------------------+
(12 rows)
>>
* select name, dept from dda15e union select ascii(num_dep) from dda15e;\g
/*
union with mismatch column no.
*/
<<
E_US0B65 line 1, Number of target list elements in all UNIONed subselects
    must be the same.
    (10-JUL-1989 10:35:48)

>>
* select dept from dda15e union select ascii(num_dep), name from dda15e;\g
/*
union with mismatched column no.
*/
<<
E_US0B65 line 1, Number of target list elements in all UNIONed subselects
    must be the same.
    (10-JUL-1989 10:35:53)

>>
* create view dda15vwaa (name,dept) as select name, dept from dda15e; \g
/*
creating intermediate views
*/
<<
>>
* create view dda15vwab (dept) as select dept from dda15vwaa;\g
/*
creating intermediate views
*/
<<
>>
* create view dda15vwac (dept) as select dept from dda15vwab;\g
/*
creating intermediate views
*/
<<
>>
* create view dda15vwad (dept) as select dept from dda15vwac;\g
/*
creating intermediate views
*/
<<
>>
* create view dda15vwae (dept) as select dept from dda15vwad;\g
/*
creating intermediate views
*/
<<
>>
* create view dda15vwaf (dept) as  select dept from dda15vwae;\g
/*
creating intermediate views
*/
<<
>>
* create view dda15vwag (dept) as select dept from dda15vwaf;\g
/*
creating intermediate views
*/
<<
>>
* create view dda15vwah (dept) as select dept from dda15vwag;\g
/*
creating intermediate views
*/
<<
>>
* drop dda15vwag;\g
/*
dropping intermediate views
*/
<<
>>
* drop dda15vwah;\g
/*
dropping intermediate views
*/
<<
E_US0AC1 DROP: 'dda15vwah' does not exist or is not owned by you.
    (10-JUL-1989 10:36:43)

>>
* drop dda15vwaf,dda15vwae;\g
/*
dropping intermediate views
*/
<<
>>
* drop dda15vwad;\g
/*
dropping intermediate views
*/
<<
>>
* drop dda15vwaa;\g
/*
dropping intermediate views
*/
<<
>>
* commit;\g
<<
>>
* \q
<<
>>


Ending at: Tue Sep 16 18:10:27 2008
