/*
	Test Name:
	Time:
	User Name:
 
	Test ID :
	Module  :
	Filename:
	Purpose	:

		check keying on different datatypes.  table is created
		w/ all standard data types and queries are executed that
		force use of data types as keys.

		Base table keyed as hash on the datatypes attribute

	Input Files  :
	Output Files :
	Database     : SEPPARAMDB
	Tables       : 
	Synopsis     :

		keying on standard datatypes, structure = hash.

	History	:             	Created		Author
         02-May-1994                            (scotts)
                     The queries in this test that are doing float 
                     comparisons in equality/inequality clauses are 
                     incorrect. Floats are defined as "approximate 
                     numeric" values and are not exact numbers and 
                     should not be treated as such. Previous INGRES 
                     behavior didnt really flag this as a problem
                     when a float was used in an equality comparison
                     but in OpING it will be apparent. I fixed the 
                     queries that used floats in equality/inequality 
                     statements and used ranges instead that are 
                     within 0.001 (for float4 values) and 0.0001 (for 
                     float8 values).

          NOTE: FLOATS MAY BE STORED WITH SLIGHTLY DIFFERENT VALUES ON 
                DIFFERENT PLATFORMS. 
	  03/22/99  (kamra01)  Modified the page_size to 4K instead of VPG_SZ        

*/
? fill tmpallt.dat 
!!
1	11	1111	11.11	1111.111	a	aaaaa	1.01	1-1-1991
2	22	2222	22.22	2222.222	b	bbbbb	2.02	2-2-1992
3	33	3333	33.33	3333.333	c	ccccc	3.03	3-3-1993
4	44	4444	44.44	4444.444	d	ddddd	4.04	4-4-1994
5	55	5555	55.55	5555.555	e	eeeee	5.05	5-5-1995
6	66	6666	66.66	6666.666	f	fffff	6.06	6-6-1996
7	77	7777	77.77	7777.777	g	ggggg	7.07	7-7-1997
8	88	8888	88.88	8888.888	h	hhhhh	8.08	8-8-1998
9	99	9999	99.99	9999.999	i	iiiii	9.09	9-9-1999
!!
? sql SEPPARAMDB -s 
<<
>>
* drop tmpallt;\g
<<
~
>>
* drop tmpalltx;\g
<<
~
>>
* create table tmpallt (
<<
~
>>
*	i1	i1		not null with default,
<<
~
>>
*	i2	i2		not null with default,
<<
~
>>
*	i4	i4		not null with default,
<<
~
>>
*	f4	f4		not null with default,
<<
~
>>
*	f8	f8		not null with default,
<<
~
>>
*	c1	c1		not null with default,
<<
~
>>
*	v10	varchar(10)	not null with default,
<<
~
>>
*	m	money		not null with default,
<<
~
>>
*	d	date		not null with default
<<
~
>>
* ) with page_size = 4096;\g
<<
>>
* copy	tmpallt(
<<
~
>>
*    i1 = c0tab, i2 = c0tab, i4 = c0tab,f4 = c0tab,
<<
~
>>
*    f8 = c0tab, c1 = c0tab, v10 = c0tab,m = c0tab, d = c0nl) 
<<
~
>>
* from 'tmpallt.dat' \g
<<
(9 rows)
>>
* modify tmpallt to hash on i1 with page_size = 4096;\g
<<
(9 rows)
>>
* select * from tmpallt where i1 = 5 order by i1;\g
<<

+------+------+-------------+-----------+-----------+------+----------+--------------
-------+-------------------------+
|i1    |i2    |i4           |f4         |f8         |c1    |v10       |m            -
       |d                        |
+------+------+-------------+-----------+-----------+------+----------+--------------
-------+-------------------------+
|     5|    55|         5555|     55.550|   5555.555|e     |eeeee     |             -
  $5.05|05-may-1995              |
+------+------+-------------+-----------+-----------+------+----------+--------------
-------+-------------------------+
(1 row)
>>
* select * from tmpallt where i1 != 5 order by i1;\g
<<

+------+------+-------------+-----------+-----------+------+----------+--------------
-------+-------------------------+
|i1    |i2    |i4           |f4         |f8         |c1    |v10       |m            -
       |d                        |
+------+------+-------------+-----------+-----------+------+----------+--------------
-------+-------------------------+
|     1|    11|         1111|     11.110|   1111.111|a     |aaaaa     |             -
  $1.01|01-jan-1991              |
|     2|    22|         2222|     22.220|   2222.222|b     |bbbbb     |             -
  $2.02|02-feb-1992              |
|     3|    33|         3333|     33.330|   3333.333|c     |ccccc     |             -
  $3.03|03-mar-1993              |
|     4|    44|         4444|     44.440|   4444.444|d     |ddddd     |             -
  $4.04|04-apr-1994              |
|     6|    66|         6666|     66.660|   6666.666|f     |fffff     |             -
  $6.06|06-jun-1996              |
|     7|    77|         7777|     77.770|   7777.777|g     |ggggg     |             -
  $7.07|07-jul-1997              |
|     8|    88|         8888|     88.880|   8888.888|h     |hhhhh     |             -
  $8.08|08-aug-1998              |
|     9|    99|         9999|     99.990|   9999.999|i     |iiiii     |             -
  $9.09|09-sep-1999              |
+------+------+-------------+-----------+-----------+------+----------+--------------
-------+-------------------------+
(8 rows)
>>
* select * from tmpallt where i1 < 5 order by i1;\g
<<

+------+------+-------------+-----------+-----------+------+----------+--------------
-------+-------------------------+
|i1    |i2    |i4           |f4         |f8         |c1    |v10       |m            -
       |d                        |
+------+------+-------------+-----------+-----------+------+----------+--------------
-------+-------------------------+
|     1|    11|         1111|     11.110|   1111.111|a     |aaaaa     |             -
  $1.01|01-jan-1991              |
|     2|    22|         2222|     22.220|   2222.222|b     |bbbbb     |             -
  $2.02|02-feb-1992              |
|     3|    33|         3333|     33.330|   3333.333|c     |ccccc     |             -
  $3.03|03-mar-1993              |
|     4|    44|         4444|     44.440|   4444.444|d     |ddddd     |             -
  $4.04|04-apr-1994              |
+------+------+-------------+-----------+-----------+------+----------+--------------
-------+-------------------------+
(4 rows)
>>
* select * from tmpallt where i1 > 5 order by i1;\g
<<

+------+------+-------------+-----------+-----------+------+----------+--------------
-------+-------------------------+
|i1    |i2    |i4           |f4         |f8         |c1    |v10       |m            -
       |d                        |
+------+------+-------------+-----------+-----------+------+----------+--------------
-------+-------------------------+
|     6|    66|         6666|     66.660|   6666.666|f     |fffff     |             -
  $6.06|06-jun-1996              |
|     7|    77|         7777|     77.770|   7777.777|g     |ggggg     |             -
  $7.07|07-jul-1997              |
|     8|    88|         8888|     88.880|   8888.888|h     |hhhhh     |             -
  $8.08|08-aug-1998              |
|     9|    99|         9999|     99.990|   9999.999|i     |iiiii     |             -
  $9.09|09-sep-1999              |
+------+------+-------------+-----------+-----------+------+----------+--------------
-------+-------------------------+
(4 rows)
>>
* select * from tmpallt where i1 <= 5 order by i1;\g
<<

+------+------+-------------+-----------+-----------+------+----------+--------------
-------+-------------------------+
|i1    |i2    |i4           |f4         |f8         |c1    |v10       |m            -
       |d                        |
+------+------+-------------+-----------+-----------+------+----------+--------------
-------+-------------------------+
|     1|    11|         1111|     11.110|   1111.111|a     |aaaaa     |             -
  $1.01|01-jan-1991              |
|     2|    22|         2222|     22.220|   2222.222|b     |bbbbb     |             -
  $2.02|02-feb-1992              |
|     3|    33|         3333|     33.330|   3333.333|c     |ccccc     |             -
  $3.03|03-mar-1993              |
|     4|    44|         4444|     44.440|   4444.444|d     |ddddd     |             -
  $4.04|04-apr-1994              |
|     5|    55|         5555|     55.550|   5555.555|e     |eeeee     |             -
  $5.05|05-may-1995              |
+------+------+-------------+-----------+-----------+------+----------+--------------
-------+-------------------------+
(5 rows)
>>
* select * from tmpallt where i1 >= 5 order by i1;\g
<<

+------+------+-------------+-----------+-----------+------+----------+--------------
-------+-------------------------+
|i1    |i2    |i4           |f4         |f8         |c1    |v10       |m            -
       |d                        |
+------+------+-------------+-----------+-----------+------+----------+--------------
-------+-------------------------+
|     5|    55|         5555|     55.550|   5555.555|e     |eeeee     |             -
  $5.05|05-may-1995              |
|     6|    66|         6666|     66.660|   6666.666|f     |fffff     |             -
  $6.06|06-jun-1996              |
|     7|    77|         7777|     77.770|   7777.777|g     |ggggg     |             -
  $7.07|07-jul-1997              |
|     8|    88|         8888|     88.880|   8888.888|h     |hhhhh     |             -
  $8.08|08-aug-1998              |
|     9|    99|         9999|     99.990|   9999.999|i     |iiiii     |             -
  $9.09|09-sep-1999              |
+------+------+-------------+-----------+-----------+------+----------+--------------
-------+-------------------------+
(5 rows)
>>
* modify tmpallt to hash on i2 with page_size = 4096;\g
<<
(9 rows)
>>
* select * from tmpallt where i2 = 55 order by i1;\g
<<

+------+------+-------------+-----------+-----------+------+----------+--------------
-------+-------------------------+
|i1    |i2    |i4           |f4         |f8         |c1    |v10       |m            -
       |d                        |
+------+------+-------------+-----------+-----------+------+----------+--------------
-------+-------------------------+
|     5|    55|         5555|     55.550|   5555.555|e     |eeeee     |             -
  $5.05|05-may-1995              |
+------+------+-------------+-----------+-----------+------+----------+--------------
-------+-------------------------+
(1 row)
>>
* select * from tmpallt where i2 != 55 order by i1;\g
<<

+------+------+-------------+-----------+-----------+------+----------+--------------
-------+-------------------------+
|i1    |i2    |i4           |f4         |f8         |c1    |v10       |m            -
       |d                        |
+------+------+-------------+-----------+-----------+------+----------+--------------
-------+-------------------------+
|     1|    11|         1111|     11.110|   1111.111|a     |aaaaa     |             -
  $1.01|01-jan-1991              |
|     2|    22|         2222|     22.220|   2222.222|b     |bbbbb     |             -
  $2.02|02-feb-1992              |
|     3|    33|         3333|     33.330|   3333.333|c     |ccccc     |             -
  $3.03|03-mar-1993              |
|     4|    44|         4444|     44.440|   4444.444|d     |ddddd     |             -
  $4.04|04-apr-1994              |
|     6|    66|         6666|     66.660|   6666.666|f     |fffff     |             -
  $6.06|06-jun-1996              |
|     7|    77|         7777|     77.770|   7777.777|g     |ggggg     |             -
  $7.07|07-jul-1997              |
|     8|    88|         8888|     88.880|   8888.888|h     |hhhhh     |             -
  $8.08|08-aug-1998              |
|     9|    99|         9999|     99.990|   9999.999|i     |iiiii     |             -
  $9.09|09-sep-1999              |
+------+------+-------------+-----------+-----------+------+----------+--------------
-------+-------------------------+
(8 rows)
>>
* select * from tmpallt where i2 < 55 order by i1;\g
<<

+------+------+-------------+-----------+-----------+------+----------+--------------
-------+-------------------------+
|i1    |i2    |i4           |f4         |f8         |c1    |v10       |m            -
       |d                        |
+------+------+-------------+-----------+-----------+------+----------+--------------
-------+-------------------------+
|     1|    11|         1111|     11.110|   1111.111|a     |aaaaa     |             -
  $1.01|01-jan-1991              |
|     2|    22|         2222|     22.220|   2222.222|b     |bbbbb     |             -
  $2.02|02-feb-1992              |
|     3|    33|         3333|     33.330|   3333.333|c     |ccccc     |             -
  $3.03|03-mar-1993              |
|     4|    44|         4444|     44.440|   4444.444|d     |ddddd     |             -
  $4.04|04-apr-1994              |
+------+------+-------------+-----------+-----------+------+----------+--------------
-------+-------------------------+
(4 rows)
>>
* select * from tmpallt where i2 > 55 order by i1;\g
<<

+------+------+-------------+-----------+-----------+------+----------+--------------
-------+-------------------------+
|i1    |i2    |i4           |f4         |f8         |c1    |v10       |m            -
       |d                        |
+------+------+-------------+-----------+-----------+------+----------+--------------
-------+-------------------------+
|     6|    66|         6666|     66.660|   6666.666|f     |fffff     |             -
  $6.06|06-jun-1996              |
|     7|    77|         7777|     77.770|   7777.777|g     |ggggg     |             -
  $7.07|07-jul-1997              |
|     8|    88|         8888|     88.880|   8888.888|h     |hhhhh     |             -
  $8.08|08-aug-1998              |
|     9|    99|         9999|     99.990|   9999.999|i     |iiiii     |             -
  $9.09|09-sep-1999              |
+------+------+-------------+-----------+-----------+------+----------+--------------
-------+-------------------------+
(4 rows)
>>
* select * from tmpallt where i2 <= 55 order by i1;\g
<<

+------+------+-------------+-----------+-----------+------+----------+--------------
-------+-------------------------+
|i1    |i2    |i4           |f4         |f8         |c1    |v10       |m            -
       |d                        |
+------+------+-------------+-----------+-----------+------+----------+--------------
-------+-------------------------+
|     1|    11|         1111|     11.110|   1111.111|a     |aaaaa     |             -
  $1.01|01-jan-1991              |
|     2|    22|         2222|     22.220|   2222.222|b     |bbbbb     |             -
  $2.02|02-feb-1992              |
|     3|    33|         3333|     33.330|   3333.333|c     |ccccc     |             -
  $3.03|03-mar-1993              |
|     4|    44|         4444|     44.440|   4444.444|d     |ddddd     |             -
  $4.04|04-apr-1994              |
|     5|    55|         5555|     55.550|   5555.555|e     |eeeee     |             -
  $5.05|05-may-1995              |
+------+------+-------------+-----------+-----------+------+----------+--------------
-------+-------------------------+
(5 rows)
>>
* select * from tmpallt where i2 >= 55 order by i1;\g
<<

+------+------+-------------+-----------+-----------+------+----------+--------------
-------+-------------------------+
|i1    |i2    |i4           |f4         |f8         |c1    |v10       |m            -
       |d                        |
+------+------+-------------+-----------+-----------+------+----------+--------------
-------+-------------------------+
|     5|    55|         5555|     55.550|   5555.555|e     |eeeee     |             -
  $5.05|05-may-1995              |
|     6|    66|         6666|     66.660|   6666.666|f     |fffff     |             -
  $6.06|06-jun-1996              |
|     7|    77|         7777|     77.770|   7777.777|g     |ggggg     |             -
  $7.07|07-jul-1997              |
|     8|    88|         8888|     88.880|   8888.888|h     |hhhhh     |             -
  $8.08|08-aug-1998              |
|     9|    99|         9999|     99.990|   9999.999|i     |iiiii     |             -
  $9.09|09-sep-1999              |
+------+------+-------------+-----------+-----------+------+----------+--------------
-------+-------------------------+
(5 rows)
>>
* modify tmpallt to hash on i4 with page_size = 4096;\g
<<
(9 rows)
>>
* select * from tmpallt where i4 = 5555 order by i1;\g
<<

+------+------+-------------+-----------+-----------+------+----------+--------------
-------+-------------------------+
|i1    |i2    |i4           |f4         |f8         |c1    |v10       |m            -
       |d                        |
+------+------+-------------+-----------+-----------+------+----------+--------------
-------+-------------------------+
|     5|    55|         5555|     55.550|   5555.555|e     |eeeee     |             -
  $5.05|05-may-1995              |
+------+------+-------------+-----------+-----------+------+----------+--------------
-------+-------------------------+
(1 row)
>>
* select * from tmpallt where i4 != 5555 order by i1;\g
<<

+------+------+-------------+-----------+-----------+------+----------+--------------
-------+-------------------------+
|i1    |i2    |i4           |f4         |f8         |c1    |v10       |m            -
       |d                        |
+------+------+-------------+-----------+-----------+------+----------+--------------
-------+-------------------------+
|     1|    11|         1111|     11.110|   1111.111|a     |aaaaa     |             -
  $1.01|01-jan-1991              |
|     2|    22|         2222|     22.220|   2222.222|b     |bbbbb     |             -
  $2.02|02-feb-1992              |
|     3|    33|         3333|     33.330|   3333.333|c     |ccccc     |             -
  $3.03|03-mar-1993              |
|     4|    44|         4444|     44.440|   4444.444|d     |ddddd     |             -
  $4.04|04-apr-1994              |
|     6|    66|         6666|     66.660|   6666.666|f     |fffff     |             -
  $6.06|06-jun-1996              |
|     7|    77|         7777|     77.770|   7777.777|g     |ggggg     |             -
  $7.07|07-jul-1997              |
|     8|    88|         8888|     88.880|   8888.888|h     |hhhhh     |             -
  $8.08|08-aug-1998              |
|     9|    99|         9999|     99.990|   9999.999|i     |iiiii     |             -
  $9.09|09-sep-1999              |
+------+------+-------------+-----------+-----------+------+----------+--------------
-------+-------------------------+
(8 rows)
>>
* select * from tmpallt where i4 < 5555 order by i1;\g
<<

+------+------+-------------+-----------+-----------+------+----------+--------------
-------+-------------------------+
|i1    |i2    |i4           |f4         |f8         |c1    |v10       |m            -
       |d                        |
+------+------+-------------+-----------+-----------+------+----------+--------------
-------+-------------------------+
|     1|    11|         1111|     11.110|   1111.111|a     |aaaaa     |             -
  $1.01|01-jan-1991              |
|     2|    22|         2222|     22.220|   2222.222|b     |bbbbb     |             -
  $2.02|02-feb-1992              |
|     3|    33|         3333|     33.330|   3333.333|c     |ccccc     |             -
  $3.03|03-mar-1993              |
|     4|    44|         4444|     44.440|   4444.444|d     |ddddd     |             -
  $4.04|04-apr-1994              |
+------+------+-------------+-----------+-----------+------+----------+--------------
-------+-------------------------+
(4 rows)
>>
* select * from tmpallt where i4 > 5555 order by i1;\g
<<

+------+------+-------------+-----------+-----------+------+----------+--------------
-------+-------------------------+
|i1    |i2    |i4           |f4         |f8         |c1    |v10       |m            -
       |d                        |
+------+------+-------------+-----------+-----------+------+----------+--------------
-------+-------------------------+
|     6|    66|         6666|     66.660|   6666.666|f     |fffff     |             -
  $6.06|06-jun-1996              |
|     7|    77|         7777|     77.770|   7777.777|g     |ggggg     |             -
  $7.07|07-jul-1997              |
|     8|    88|         8888|     88.880|   8888.888|h     |hhhhh     |             -
  $8.08|08-aug-1998              |
|     9|    99|         9999|     99.990|   9999.999|i     |iiiii     |             -
  $9.09|09-sep-1999              |
+------+------+-------------+-----------+-----------+------+----------+--------------
-------+-------------------------+
(4 rows)
>>
* select * from tmpallt where i4 <= 5555 order by i1;\g
<<

+------+------+-------------+-----------+-----------+------+----------+--------------
-------+-------------------------+
|i1    |i2    |i4           |f4         |f8         |c1    |v10       |m            -
       |d                        |
+------+------+-------------+-----------+-----------+------+----------+--------------
-------+-------------------------+
|     1|    11|         1111|     11.110|   1111.111|a     |aaaaa     |             -
  $1.01|01-jan-1991              |
|     2|    22|         2222|     22.220|   2222.222|b     |bbbbb     |             -
  $2.02|02-feb-1992              |
|     3|    33|         3333|     33.330|   3333.333|c     |ccccc     |             -
  $3.03|03-mar-1993              |
|     4|    44|         4444|     44.440|   4444.444|d     |ddddd     |             -
  $4.04|04-apr-1994              |
|     5|    55|         5555|     55.550|   5555.555|e     |eeeee     |             -
  $5.05|05-may-1995              |
+------+------+-------------+-----------+-----------+------+----------+--------------
-------+-------------------------+
(5 rows)
>>
* select * from tmpallt where i4 >= 5555 order by i1;\g
<<

+------+------+-------------+-----------+-----------+------+----------+--------------
-------+-------------------------+
|i1    |i2    |i4           |f4         |f8         |c1    |v10       |m            -
       |d                        |
+------+------+-------------+-----------+-----------+------+----------+--------------
-------+-------------------------+
|     5|    55|         5555|     55.550|   5555.555|e     |eeeee     |             -
  $5.05|05-may-1995              |
|     6|    66|         6666|     66.660|   6666.666|f     |fffff     |             -
  $6.06|06-jun-1996              |
|     7|    77|         7777|     77.770|   7777.777|g     |ggggg     |             -
  $7.07|07-jul-1997              |
|     8|    88|         8888|     88.880|   8888.888|h     |hhhhh     |             -
  $8.08|08-aug-1998              |
|     9|    99|         9999|     99.990|   9999.999|i     |iiiii     |             -
  $9.09|09-sep-1999              |
+------+------+-------------+-----------+-----------+------+----------+--------------
-------+-------------------------+
(5 rows)
>>
* modify tmpallt to hash on f4 with page_size = 4096;\g
<<
(9 rows)
>>
* select * from tmpallt where f4 between 55.549 and 55.551 order by i1;\g
<<

+------+------+-------------+-----------+-----------+------+----------+--------------
-------+-------------------------+
|i1    |i2    |i4           |f4         |f8         |c1    |v10       |m            -
       |d                        |
+------+------+-------------+-----------+-----------+------+----------+--------------
-------+-------------------------+
|     5|    55|         5555|     55.550|   5555.555|e     |eeeee     |             -
  $5.05|05-may-1995              |
+------+------+-------------+-----------+-----------+------+----------+--------------
-------+-------------------------+
(1 row)
>>
* select * from tmpallt where f4 != (select f4 from tmpallt where f4 between -
55.549 and 55.551) order by i1;\g
<<

+------+------+-------------+-----------+-----------+------+----------+--------------
-------+-------------------------+
|i1    |i2    |i4           |f4         |f8         |c1    |v10       |m            -
       |d                        |
+------+------+-------------+-----------+-----------+------+----------+--------------
-------+-------------------------+
|     1|    11|         1111|     11.110|   1111.111|a     |aaaaa     |             -
  $1.01|01-jan-1991              |
|     2|    22|         2222|     22.220|   2222.222|b     |bbbbb     |             -
  $2.02|02-feb-1992              |
|     3|    33|         3333|     33.330|   3333.333|c     |ccccc     |             -
  $3.03|03-mar-1993              |
|     4|    44|         4444|     44.440|   4444.444|d     |ddddd     |             -
  $4.04|04-apr-1994              |
|     6|    66|         6666|     66.660|   6666.666|f     |fffff     |             -
  $6.06|06-jun-1996              |
|     7|    77|         7777|     77.770|   7777.777|g     |ggggg     |             -
  $7.07|07-jul-1997              |
|     8|    88|         8888|     88.880|   8888.888|h     |hhhhh     |             -
  $8.08|08-aug-1998              |
|     9|    99|         9999|     99.990|   9999.999|i     |iiiii     |             -
  $9.09|09-sep-1999              |
+------+------+-------------+-----------+-----------+------+----------+--------------
-------+-------------------------+
(8 rows)
>>
* select * from tmpallt where f4 < (select f4 from tmpallt where f4 between -
55.549 and 55.551) order by i1;\g
<<

+------+------+-------------+-----------+-----------+------+----------+--------------
-------+-------------------------+
|i1    |i2    |i4           |f4         |f8         |c1    |v10       |m            -
       |d                        |
+------+------+-------------+-----------+-----------+------+----------+--------------
-------+-------------------------+
|     1|    11|         1111|     11.110|   1111.111|a     |aaaaa     |             -
  $1.01|01-jan-1991              |
|     2|    22|         2222|     22.220|   2222.222|b     |bbbbb     |             -
  $2.02|02-feb-1992              |
|     3|    33|         3333|     33.330|   3333.333|c     |ccccc     |             -
  $3.03|03-mar-1993              |
|     4|    44|         4444|     44.440|   4444.444|d     |ddddd     |             -
  $4.04|04-apr-1994              |
+------+------+-------------+-----------+-----------+------+----------+--------------
-------+-------------------------+
(4 rows)
>>
* select * from tmpallt where f4 > (select f4 from tmpallt where f4 between -
55.549 and 55.551) order by i1;\g
<<

+------+------+-------------+-----------+-----------+------+----------+--------------
-------+-------------------------+
|i1    |i2    |i4           |f4         |f8         |c1    |v10       |m            -
       |d                        |
+------+------+-------------+-----------+-----------+------+----------+--------------
-------+-------------------------+
|     6|    66|         6666|     66.660|   6666.666|f     |fffff     |             -
  $6.06|06-jun-1996              |
|     7|    77|         7777|     77.770|   7777.777|g     |ggggg     |             -
  $7.07|07-jul-1997              |
|     8|    88|         8888|     88.880|   8888.888|h     |hhhhh     |             -
  $8.08|08-aug-1998              |
|     9|    99|         9999|     99.990|   9999.999|i     |iiiii     |             -
  $9.09|09-sep-1999              |
+------+------+-------------+-----------+-----------+------+----------+--------------
-------+-------------------------+
(4 rows)
>>
* select * from tmpallt where f4 <= (select f4 from tmpallt where f4 between -
55.549 and 55.551) order by i1;\g
<<

+------+------+-------------+-----------+-----------+------+----------+--------------
-------+-------------------------+
|i1    |i2    |i4           |f4         |f8         |c1    |v10       |m            -
       |d                        |
+------+------+-------------+-----------+-----------+------+----------+--------------
-------+-------------------------+
|     1|    11|         1111|     11.110|   1111.111|a     |aaaaa     |             -
  $1.01|01-jan-1991              |
|     2|    22|         2222|     22.220|   2222.222|b     |bbbbb     |             -
  $2.02|02-feb-1992              |
|     3|    33|         3333|     33.330|   3333.333|c     |ccccc     |             -
  $3.03|03-mar-1993              |
|     4|    44|         4444|     44.440|   4444.444|d     |ddddd     |             -
  $4.04|04-apr-1994              |
|     5|    55|         5555|     55.550|   5555.555|e     |eeeee     |             -
  $5.05|05-may-1995              |
+------+------+-------------+-----------+-----------+------+----------+--------------
-------+-------------------------+
(5 rows)
>>
* select * from tmpallt where f4 >= (select f4 from tmpallt where f4 between -
55.549 and 55.551) order by i1;\g
<<

+------+------+-------------+-----------+-----------+------+----------+--------------
-------+-------------------------+
|i1    |i2    |i4           |f4         |f8         |c1    |v10       |m            -
       |d                        |
+------+------+-------------+-----------+-----------+------+----------+--------------
-------+-------------------------+
|     5|    55|         5555|     55.550|   5555.555|e     |eeeee     |             -
  $5.05|05-may-1995              |
|     6|    66|         6666|     66.660|   6666.666|f     |fffff     |             -
  $6.06|06-jun-1996              |
|     7|    77|         7777|     77.770|   7777.777|g     |ggggg     |             -
  $7.07|07-jul-1997              |
|     8|    88|         8888|     88.880|   8888.888|h     |hhhhh     |             -
  $8.08|08-aug-1998              |
|     9|    99|         9999|     99.990|   9999.999|i     |iiiii     |             -
  $9.09|09-sep-1999              |
+------+------+-------------+-----------+-----------+------+----------+--------------
-------+-------------------------+
(5 rows)
>>
* modify tmpallt to hash on f8 with page_size = 4096;\g
<<
(9 rows)
>>
* select * from tmpallt where f8 between 5555.5549 and 5555.5551 order by i1;\g
<<

+------+------+-------------+-----------+-----------+------+----------+--------------
-------+-------------------------+
|i1    |i2    |i4           |f4         |f8         |c1    |v10       |m            -
       |d                        |
+------+------+-------------+-----------+-----------+------+----------+--------------
-------+-------------------------+
|     5|    55|         5555|     55.550|   5555.555|e     |eeeee     |             -
  $5.05|05-may-1995              |
+------+------+-------------+-----------+-----------+------+----------+--------------
-------+-------------------------+
(1 row)
>>
* select * from tmpallt where f8 != (select f8 from tmpallt where f8 between -
5555.5549 and 5555.5551) order by i1;\g
<<

+------+------+-------------+-----------+-----------+------+----------+--------------
-------+-------------------------+
|i1    |i2    |i4           |f4         |f8         |c1    |v10       |m            -
       |d                        |
+------+------+-------------+-----------+-----------+------+----------+--------------
-------+-------------------------+
|     1|    11|         1111|     11.110|   1111.111|a     |aaaaa     |             -
  $1.01|01-jan-1991              |
|     2|    22|         2222|     22.220|   2222.222|b     |bbbbb     |             -
  $2.02|02-feb-1992              |
|     3|    33|         3333|     33.330|   3333.333|c     |ccccc     |             -
  $3.03|03-mar-1993              |
|     4|    44|         4444|     44.440|   4444.444|d     |ddddd     |             -
  $4.04|04-apr-1994              |
|     6|    66|         6666|     66.660|   6666.666|f     |fffff     |             -
  $6.06|06-jun-1996              |
|     7|    77|         7777|     77.770|   7777.777|g     |ggggg     |             -
  $7.07|07-jul-1997              |
|     8|    88|         8888|     88.880|   8888.888|h     |hhhhh     |             -
  $8.08|08-aug-1998              |
|     9|    99|         9999|     99.990|   9999.999|i     |iiiii     |             -
  $9.09|09-sep-1999              |
+------+------+-------------+-----------+-----------+------+----------+--------------
-------+-------------------------+
(8 rows)
>>
* select * from tmpallt where f8 < (select f8 from tmpallt where f8 between -
5555.5549 and 5555.5551) order by i1;\g
<<

+------+------+-------------+-----------+-----------+------+----------+--------------
-------+-------------------------+
|i1    |i2    |i4           |f4         |f8         |c1    |v10       |m            -
       |d                        |
+------+------+-------------+-----------+-----------+------+----------+--------------
-------+-------------------------+
|     1|    11|         1111|     11.110|   1111.111|a     |aaaaa     |             -
  $1.01|01-jan-1991              |
|     2|    22|         2222|     22.220|   2222.222|b     |bbbbb     |             -
  $2.02|02-feb-1992              |
|     3|    33|         3333|     33.330|   3333.333|c     |ccccc     |             -
  $3.03|03-mar-1993              |
|     4|    44|         4444|     44.440|   4444.444|d     |ddddd     |             -
  $4.04|04-apr-1994              |
+------+------+-------------+-----------+-----------+------+----------+--------------
-------+-------------------------+
(4 rows)
>>
* select * from tmpallt where f8 > (select f8 from tmpallt where f8 between -
5555.5549 and 5555.5551) order by i1;\g
<<

+------+------+-------------+-----------+-----------+------+----------+--------------
-------+-------------------------+
|i1    |i2    |i4           |f4         |f8         |c1    |v10       |m            -
       |d                        |
+------+------+-------------+-----------+-----------+------+----------+--------------
-------+-------------------------+
|     6|    66|         6666|     66.660|   6666.666|f     |fffff     |             -
  $6.06|06-jun-1996              |
|     7|    77|         7777|     77.770|   7777.777|g     |ggggg     |             -
  $7.07|07-jul-1997              |
|     8|    88|         8888|     88.880|   8888.888|h     |hhhhh     |             -
  $8.08|08-aug-1998              |
|     9|    99|         9999|     99.990|   9999.999|i     |iiiii     |             -
  $9.09|09-sep-1999              |
+------+------+-------------+-----------+-----------+------+----------+--------------
-------+-------------------------+
(4 rows)
>>
* select * from tmpallt where f8 <= (select f8 from tmpallt where f8 between -
5555.5549 and 5555.5551) order by i1;\g
<<

+------+------+-------------+-----------+-----------+------+----------+--------------
-------+-------------------------+
|i1    |i2    |i4           |f4         |f8         |c1    |v10       |m            -
       |d                        |
+------+------+-------------+-----------+-----------+------+----------+--------------
-------+-------------------------+
|     1|    11|         1111|     11.110|   1111.111|a     |aaaaa     |             -
  $1.01|01-jan-1991              |
|     2|    22|         2222|     22.220|   2222.222|b     |bbbbb     |             -
  $2.02|02-feb-1992              |
|     3|    33|         3333|     33.330|   3333.333|c     |ccccc     |             -
  $3.03|03-mar-1993              |
|     4|    44|         4444|     44.440|   4444.444|d     |ddddd     |             -
  $4.04|04-apr-1994              |
|     5|    55|         5555|     55.550|   5555.555|e     |eeeee     |             -
  $5.05|05-may-1995              |
+------+------+-------------+-----------+-----------+------+----------+--------------
-------+-------------------------+
(5 rows)
>>
* select * from tmpallt where f8 >= (select f8 from tmpallt where f8 between -
5555.5549 and 5555.5551) order by i1;\g
<<

+------+------+-------------+-----------+-----------+------+----------+--------------
-------+-------------------------+
|i1    |i2    |i4           |f4         |f8         |c1    |v10       |m            -
       |d                        |
+------+------+-------------+-----------+-----------+------+----------+--------------
-------+-------------------------+
|     5|    55|         5555|     55.550|   5555.555|e     |eeeee     |             -
  $5.05|05-may-1995              |
|     6|    66|         6666|     66.660|   6666.666|f     |fffff     |             -
  $6.06|06-jun-1996              |
|     7|    77|         7777|     77.770|   7777.777|g     |ggggg     |             -
  $7.07|07-jul-1997              |
|     8|    88|         8888|     88.880|   8888.888|h     |hhhhh     |             -
  $8.08|08-aug-1998              |
|     9|    99|         9999|     99.990|   9999.999|i     |iiiii     |             -
  $9.09|09-sep-1999              |
+------+------+-------------+-----------+-----------+------+----------+--------------
-------+-------------------------+
(5 rows)
>>
* modify tmpallt to hash on c1 with page_size = 4096;\g
<<
(9 rows)
>>
* select * from tmpallt where c1 = 'e' order by i1;\g
<<

+------+------+-------------+-----------+-----------+------+----------+--------------
-------+-------------------------+
|i1    |i2    |i4           |f4         |f8         |c1    |v10       |m            -
       |d                        |
+------+------+-------------+-----------+-----------+------+----------+--------------
-------+-------------------------+
|     5|    55|         5555|     55.550|   5555.555|e     |eeeee     |             -
  $5.05|05-may-1995              |
+------+------+-------------+-----------+-----------+------+----------+--------------
-------+-------------------------+
(1 row)
>>
* select * from tmpallt where c1 != 'e' order by i1;\g
<<

+------+------+-------------+-----------+-----------+------+----------+--------------
-------+-------------------------+
|i1    |i2    |i4           |f4         |f8         |c1    |v10       |m            -
       |d                        |
+------+------+-------------+-----------+-----------+------+----------+--------------
-------+-------------------------+
|     1|    11|         1111|     11.110|   1111.111|a     |aaaaa     |             -
  $1.01|01-jan-1991              |
|     2|    22|         2222|     22.220|   2222.222|b     |bbbbb     |             -
  $2.02|02-feb-1992              |
|     3|    33|         3333|     33.330|   3333.333|c     |ccccc     |             -
  $3.03|03-mar-1993              |
|     4|    44|         4444|     44.440|   4444.444|d     |ddddd     |             -
  $4.04|04-apr-1994              |
|     6|    66|         6666|     66.660|   6666.666|f     |fffff     |             -
  $6.06|06-jun-1996              |
|     7|    77|         7777|     77.770|   7777.777|g     |ggggg     |             -
  $7.07|07-jul-1997              |
|     8|    88|         8888|     88.880|   8888.888|h     |hhhhh     |             -
  $8.08|08-aug-1998              |
|     9|    99|         9999|     99.990|   9999.999|i     |iiiii     |             -
  $9.09|09-sep-1999              |
+------+------+-------------+-----------+-----------+------+----------+--------------
-------+-------------------------+
(8 rows)
>>
* select * from tmpallt where c1 < 'e' order by i1;\g
<<

+------+------+-------------+-----------+-----------+------+----------+--------------
-------+-------------------------+
|i1    |i2    |i4           |f4         |f8         |c1    |v10       |m            -
       |d                        |
+------+------+-------------+-----------+-----------+------+----------+--------------
-------+-------------------------+
|     1|    11|         1111|     11.110|   1111.111|a     |aaaaa     |             -
  $1.01|01-jan-1991              |
|     2|    22|         2222|     22.220|   2222.222|b     |bbbbb     |             -
  $2.02|02-feb-1992              |
|     3|    33|         3333|     33.330|   3333.333|c     |ccccc     |             -
  $3.03|03-mar-1993              |
|     4|    44|         4444|     44.440|   4444.444|d     |ddddd     |             -
  $4.04|04-apr-1994              |
+------+------+-------------+-----------+-----------+------+----------+--------------
-------+-------------------------+
(4 rows)
>>
* select * from tmpallt where c1 > 'e' order by i1;\g
<<

+------+------+-------------+-----------+-----------+------+----------+--------------
-------+-------------------------+
|i1    |i2    |i4           |f4         |f8         |c1    |v10       |m            -
       |d                        |
+------+------+-------------+-----------+-----------+------+----------+--------------
-------+-------------------------+
|     6|    66|         6666|     66.660|   6666.666|f     |fffff     |             -
  $6.06|06-jun-1996              |
|     7|    77|         7777|     77.770|   7777.777|g     |ggggg     |             -
  $7.07|07-jul-1997              |
|     8|    88|         8888|     88.880|   8888.888|h     |hhhhh     |             -
  $8.08|08-aug-1998              |
|     9|    99|         9999|     99.990|   9999.999|i     |iiiii     |             -
  $9.09|09-sep-1999              |
+------+------+-------------+-----------+-----------+------+----------+--------------
-------+-------------------------+
(4 rows)
>>
* select * from tmpallt where c1 <= 'e' order by i1;\g
<<

+------+------+-------------+-----------+-----------+------+----------+--------------
-------+-------------------------+
|i1    |i2    |i4           |f4         |f8         |c1    |v10       |m            -
       |d                        |
+------+------+-------------+-----------+-----------+------+----------+--------------
-------+-------------------------+
|     1|    11|         1111|     11.110|   1111.111|a     |aaaaa     |             -
  $1.01|01-jan-1991              |
|     2|    22|         2222|     22.220|   2222.222|b     |bbbbb     |             -
  $2.02|02-feb-1992              |
|     3|    33|         3333|     33.330|   3333.333|c     |ccccc     |             -
  $3.03|03-mar-1993              |
|     4|    44|         4444|     44.440|   4444.444|d     |ddddd     |             -
  $4.04|04-apr-1994              |
|     5|    55|         5555|     55.550|   5555.555|e     |eeeee     |             -
  $5.05|05-may-1995              |
+------+------+-------------+-----------+-----------+------+----------+--------------
-------+-------------------------+
(5 rows)
>>
* select * from tmpallt where c1 >= 'e' order by i1;\g
<<

+------+------+-------------+-----------+-----------+------+----------+--------------
-------+-------------------------+
|i1    |i2    |i4           |f4         |f8         |c1    |v10       |m            -
       |d                        |
+------+------+-------------+-----------+-----------+------+----------+--------------
-------+-------------------------+
|     5|    55|         5555|     55.550|   5555.555|e     |eeeee     |             -
  $5.05|05-may-1995              |
|     6|    66|         6666|     66.660|   6666.666|f     |fffff     |             -
  $6.06|06-jun-1996              |
|     7|    77|         7777|     77.770|   7777.777|g     |ggggg     |             -
  $7.07|07-jul-1997              |
|     8|    88|         8888|     88.880|   8888.888|h     |hhhhh     |             -
  $8.08|08-aug-1998              |
|     9|    99|         9999|     99.990|   9999.999|i     |iiiii     |             -
  $9.09|09-sep-1999              |
+------+------+-------------+-----------+-----------+------+----------+--------------
-------+-------------------------+
(5 rows)
>>
* modify tmpallt to hash on v10 with page_size = 4096;\g
<<
(9 rows)
>>
* select * from tmpallt where v10 = 'eeeee' order by i1;\g
<<

+------+------+-------------+-----------+-----------+------+----------+--------------
-------+-------------------------+
|i1    |i2    |i4           |f4         |f8         |c1    |v10       |m            -
       |d                        |
+------+------+-------------+-----------+-----------+------+----------+--------------
-------+-------------------------+
|     5|    55|         5555|     55.550|   5555.555|e     |eeeee     |             -
  $5.05|05-may-1995              |
+------+------+-------------+-----------+-----------+------+----------+--------------
-------+-------------------------+
(1 row)
>>
* select * from tmpallt where v10 != 'eeeee' order by i1;\g
<<

+------+------+-------------+-----------+-----------+------+----------+--------------
-------+-------------------------+
|i1    |i2    |i4           |f4         |f8         |c1    |v10       |m            -
       |d                        |
+------+------+-------------+-----------+-----------+------+----------+--------------
-------+-------------------------+
|     1|    11|         1111|     11.110|   1111.111|a     |aaaaa     |             -
  $1.01|01-jan-1991              |
|     2|    22|         2222|     22.220|   2222.222|b     |bbbbb     |             -
  $2.02|02-feb-1992              |
|     3|    33|         3333|     33.330|   3333.333|c     |ccccc     |             -
  $3.03|03-mar-1993              |
|     4|    44|         4444|     44.440|   4444.444|d     |ddddd     |             -
  $4.04|04-apr-1994              |
|     6|    66|         6666|     66.660|   6666.666|f     |fffff     |             -
  $6.06|06-jun-1996              |
|     7|    77|         7777|     77.770|   7777.777|g     |ggggg     |             -
  $7.07|07-jul-1997              |
|     8|    88|         8888|     88.880|   8888.888|h     |hhhhh     |             -
  $8.08|08-aug-1998              |
|     9|    99|         9999|     99.990|   9999.999|i     |iiiii     |             -
  $9.09|09-sep-1999              |
+------+------+-------------+-----------+-----------+------+----------+--------------
-------+-------------------------+
(8 rows)
>>
* select * from tmpallt where v10 < 'eeeee' order by i1;\g
<<

+------+------+-------------+-----------+-----------+------+----------+--------------
-------+-------------------------+
|i1    |i2    |i4           |f4         |f8         |c1    |v10       |m            -
       |d                        |
+------+------+-------------+-----------+-----------+------+----------+--------------
-------+-------------------------+
|     1|    11|         1111|     11.110|   1111.111|a     |aaaaa     |             -
  $1.01|01-jan-1991              |
|     2|    22|         2222|     22.220|   2222.222|b     |bbbbb     |             -
  $2.02|02-feb-1992              |
|     3|    33|         3333|     33.330|   3333.333|c     |ccccc     |             -
  $3.03|03-mar-1993              |
|     4|    44|         4444|     44.440|   4444.444|d     |ddddd     |             -
  $4.04|04-apr-1994              |
+------+------+-------------+-----------+-----------+------+----------+--------------
-------+-------------------------+
(4 rows)
>>
* select * from tmpallt where v10 > 'eeeee' order by i1;\g
<<

+------+------+-------------+-----------+-----------+------+----------+--------------
-------+-------------------------+
|i1    |i2    |i4           |f4         |f8         |c1    |v10       |m            -
       |d                        |
+------+------+-------------+-----------+-----------+------+----------+--------------
-------+-------------------------+
|     6|    66|         6666|     66.660|   6666.666|f     |fffff     |             -
  $6.06|06-jun-1996              |
|     7|    77|         7777|     77.770|   7777.777|g     |ggggg     |             -
  $7.07|07-jul-1997              |
|     8|    88|         8888|     88.880|   8888.888|h     |hhhhh     |             -
  $8.08|08-aug-1998              |
|     9|    99|         9999|     99.990|   9999.999|i     |iiiii     |             -
  $9.09|09-sep-1999              |
+------+------+-------------+-----------+-----------+------+----------+--------------
-------+-------------------------+
(4 rows)
>>
* select * from tmpallt where v10 <= 'eeeee' order by i1;\g
<<

+------+------+-------------+-----------+-----------+------+----------+--------------
-------+-------------------------+
|i1    |i2    |i4           |f4         |f8         |c1    |v10       |m            -
       |d                        |
+------+------+-------------+-----------+-----------+------+----------+--------------
-------+-------------------------+
|     1|    11|         1111|     11.110|   1111.111|a     |aaaaa     |             -
  $1.01|01-jan-1991              |
|     2|    22|         2222|     22.220|   2222.222|b     |bbbbb     |             -
  $2.02|02-feb-1992              |
|     3|    33|         3333|     33.330|   3333.333|c     |ccccc     |             -
  $3.03|03-mar-1993              |
|     4|    44|         4444|     44.440|   4444.444|d     |ddddd     |             -
  $4.04|04-apr-1994              |
|     5|    55|         5555|     55.550|   5555.555|e     |eeeee     |             -
  $5.05|05-may-1995              |
+------+------+-------------+-----------+-----------+------+----------+--------------
-------+-------------------------+
(5 rows)
>>
* select * from tmpallt where v10 >= 'eeeee' order by i1;\g
<<

+------+------+-------------+-----------+-----------+------+----------+--------------
-------+-------------------------+
|i1    |i2    |i4           |f4         |f8         |c1    |v10       |m            -
       |d                        |
+------+------+-------------+-----------+-----------+------+----------+--------------
-------+-------------------------+
|     5|    55|         5555|     55.550|   5555.555|e     |eeeee     |             -
  $5.05|05-may-1995              |
|     6|    66|         6666|     66.660|   6666.666|f     |fffff     |             -
  $6.06|06-jun-1996              |
|     7|    77|         7777|     77.770|   7777.777|g     |ggggg     |             -
  $7.07|07-jul-1997              |
|     8|    88|         8888|     88.880|   8888.888|h     |hhhhh     |             -
  $8.08|08-aug-1998              |
|     9|    99|         9999|     99.990|   9999.999|i     |iiiii     |             -
  $9.09|09-sep-1999              |
+------+------+-------------+-----------+-----------+------+----------+--------------
-------+-------------------------+
(5 rows)
>>
* modify tmpallt to hash on d with page_size = 4096;\g
<<
(9 rows)
>>
* select * from tmpallt where d = '5-5-1995' order by i1;\g
<<

+------+------+-------------+-----------+-----------+------+----------+--------------
-------+-------------------------+
|i1    |i2    |i4           |f4         |f8         |c1    |v10       |m            -
       |d                        |
+------+------+-------------+-----------+-----------+------+----------+--------------
-------+-------------------------+
|     5|    55|         5555|     55.550|   5555.555|e     |eeeee     |             -
  $5.05|05-may-1995              |
+------+------+-------------+-----------+-----------+------+----------+--------------
-------+-------------------------+
(1 row)
>>
* select * from tmpallt where d != '5-5-1995' order by i1;\g
<<

+------+------+-------------+-----------+-----------+------+----------+--------------
-------+-------------------------+
|i1    |i2    |i4           |f4         |f8         |c1    |v10       |m            -
       |d                        |
+------+------+-------------+-----------+-----------+------+----------+--------------
-------+-------------------------+
|     1|    11|         1111|     11.110|   1111.111|a     |aaaaa     |             -
  $1.01|01-jan-1991              |
|     2|    22|         2222|     22.220|   2222.222|b     |bbbbb     |             -
  $2.02|02-feb-1992              |
|     3|    33|         3333|     33.330|   3333.333|c     |ccccc     |             -
  $3.03|03-mar-1993              |
|     4|    44|         4444|     44.440|   4444.444|d     |ddddd     |             -
  $4.04|04-apr-1994              |
|     6|    66|         6666|     66.660|   6666.666|f     |fffff     |             -
  $6.06|06-jun-1996              |
|     7|    77|         7777|     77.770|   7777.777|g     |ggggg     |             -
  $7.07|07-jul-1997              |
|     8|    88|         8888|     88.880|   8888.888|h     |hhhhh     |             -
  $8.08|08-aug-1998              |
|     9|    99|         9999|     99.990|   9999.999|i     |iiiii     |             -
  $9.09|09-sep-1999              |
+------+------+-------------+-----------+-----------+------+----------+--------------
-------+-------------------------+
(8 rows)
>>
* select * from tmpallt where d < '5-5-1995' order by i1;\g
<<

+------+------+-------------+-----------+-----------+------+----------+--------------
-------+-------------------------+
|i1    |i2    |i4           |f4         |f8         |c1    |v10       |m            -
       |d                        |
+------+------+-------------+-----------+-----------+------+----------+--------------
-------+-------------------------+
|     1|    11|         1111|     11.110|   1111.111|a     |aaaaa     |             -
  $1.01|01-jan-1991              |
|     2|    22|         2222|     22.220|   2222.222|b     |bbbbb     |             -
  $2.02|02-feb-1992              |
|     3|    33|         3333|     33.330|   3333.333|c     |ccccc     |             -
  $3.03|03-mar-1993              |
|     4|    44|         4444|     44.440|   4444.444|d     |ddddd     |             -
  $4.04|04-apr-1994              |
+------+------+-------------+-----------+-----------+------+----------+--------------
-------+-------------------------+
(4 rows)
>>
* select * from tmpallt where d > '5-5-1995' order by i1;\g
<<

+------+------+-------------+-----------+-----------+------+----------+--------------
-------+-------------------------+
|i1    |i2    |i4           |f4         |f8         |c1    |v10       |m            -
       |d                        |
+------+------+-------------+-----------+-----------+------+----------+--------------
-------+-------------------------+
|     6|    66|         6666|     66.660|   6666.666|f     |fffff     |             -
  $6.06|06-jun-1996              |
|     7|    77|         7777|     77.770|   7777.777|g     |ggggg     |             -
  $7.07|07-jul-1997              |
|     8|    88|         8888|     88.880|   8888.888|h     |hhhhh     |             -
  $8.08|08-aug-1998              |
|     9|    99|         9999|     99.990|   9999.999|i     |iiiii     |             -
  $9.09|09-sep-1999              |
+------+------+-------------+-----------+-----------+------+----------+--------------
-------+-------------------------+
(4 rows)
>>
* select * from tmpallt where d <= '5-5-1995' order by i1;\g
<<

+------+------+-------------+-----------+-----------+------+----------+--------------
-------+-------------------------+
|i1    |i2    |i4           |f4         |f8         |c1    |v10       |m            -
       |d                        |
+------+------+-------------+-----------+-----------+------+----------+--------------
-------+-------------------------+
|     1|    11|         1111|     11.110|   1111.111|a     |aaaaa     |             -
  $1.01|01-jan-1991              |
|     2|    22|         2222|     22.220|   2222.222|b     |bbbbb     |             -
  $2.02|02-feb-1992              |
|     3|    33|         3333|     33.330|   3333.333|c     |ccccc     |             -
  $3.03|03-mar-1993              |
|     4|    44|         4444|     44.440|   4444.444|d     |ddddd     |             -
  $4.04|04-apr-1994              |
|     5|    55|         5555|     55.550|   5555.555|e     |eeeee     |             -
  $5.05|05-may-1995              |
+------+------+-------------+-----------+-----------+------+----------+--------------
-------+-------------------------+
(5 rows)
>>
* select * from tmpallt where d >= '5-5-1995' order by i1;\g
<<

+------+------+-------------+-----------+-----------+------+----------+--------------
-------+-------------------------+
|i1    |i2    |i4           |f4         |f8         |c1    |v10       |m            -
       |d                        |
+------+------+-------------+-----------+-----------+------+----------+--------------
-------+-------------------------+
|     5|    55|         5555|     55.550|   5555.555|e     |eeeee     |             -
  $5.05|05-may-1995              |
|     6|    66|         6666|     66.660|   6666.666|f     |fffff     |             -
  $6.06|06-jun-1996              |
|     7|    77|         7777|     77.770|   7777.777|g     |ggggg     |             -
  $7.07|07-jul-1997              |
|     8|    88|         8888|     88.880|   8888.888|h     |hhhhh     |             -
  $8.08|08-aug-1998              |
|     9|    99|         9999|     99.990|   9999.999|i     |iiiii     |             -
  $9.09|09-sep-1999              |
+------+------+-------------+-----------+-----------+------+----------+--------------
-------+-------------------------+
(5 rows)
>>
* \q
<<
~
>>


Ending at: Thu Aug 22 08:08:48 1991
